Child,Age,N.child,H.child,H.child.S,H.child.I,Schild,N.mother,H.mother,H.mother.S,H.mother.I,Smother
becky,739,1477,4.392230174,4.312299527,0.079930647,1.366327475,4839,5.402536376,4.875469757,0.527066618,3.422206506
becky,741,1436,4.390431839,4.29617075,0.094261088,1.305454545,5064,5.406821835,4.864595063,0.542226771,3.378252168
becky,748,1356,4.41180047,4.32315522,0.08864525,1.292659676,5665,5.447867342,4.909861704,0.538005638,3.431253786
becky,753,1535,4.367004392,4.302245741,0.064758651,1.338273758,5633,5.440416465,4.919105337,0.521311128,3.462200369
becky,761,1466,4.474033955,4.39516529,0.078868665,1.347426471,5993,5.454593087,4.965104863,0.489488223,3.690270936
becky,766,1616,4.538665667,4.440120893,0.098544774,1.396715644,5439,5.448662718,4.948925335,0.499737384,3.75621547
becky,775,1602,4.764806743,4.670598828,0.094207915,1.416445623,5728,5.49622267,4.973430144,0.522792526,3.904567144
becky,779,1722,4.687880694,4.594768652,0.093112042,1.387590653,5411,5.4639422,4.915310415,0.548631785,3.881635581
becky,786,1785,4.767857045,4.675638281,0.092218764,1.412183544,6390,5.446418029,4.919992742,0.526425287,4.001252348
becky,787,1582,4.666018617,4.58254011,0.083478507,1.380453752,6176,5.428290486,4.891500041,0.536790445,4.005188067
becky,794,1518,4.702230638,4.593576213,0.108654424,1.45681382,5936,5.426290637,4.883872524,0.542418112,3.986568167
becky,801,1533,4.687935629,4.555069007,0.132866622,1.488349515,5056,5.438478566,4.872013902,0.566464664,3.663768116
becky,807,1783,4.716472259,4.571329295,0.145142964,1.569542254,4591,5.476761095,4.880629256,0.596131839,3.693483508
becky,809,2012,4.847528035,4.677724418,0.169803617,1.692178301,4737,5.514000907,4.901077835,0.612923072,3.683514774
becky,814,2015,4.800072307,4.615966684,0.184105623,1.711979609,5048,5.488866847,4.90955559,0.579311256,3.981072555
becky,817,2018,4.766660536,4.577709834,0.188950702,1.730703259,5585,5.463636172,4.898836467,0.564799705,3.783875339
becky,821,1848,4.746847108,4.578174368,0.16867274,1.700091996,5211,5.437016071,4.90757437,0.529441701,3.825991189
becky,824,1976,4.993969096,4.795126718,0.198842378,1.918446602,4930,5.436866761,4.903809812,0.533056949,3.947157726
becky,831,2139,5.009797812,4.809206574,0.200591237,2.041030534,4368,5.439439507,4.917205306,0.522234201,3.981768459
becky,835,2280,4.927196293,4.701842827,0.225353466,2.095588235,4725,5.428726345,4.896281631,0.532444714,3.911423841
becky,842,2346,4.765312427,4.524366016,0.240946411,1.973086627,4729,5.424804456,4.872137698,0.552666759,3.640492687
becky,844,2387,4.796570539,4.511893429,0.28467711,2.024597116,4814,5.435086487,4.86575143,0.569335057,3.790551181
becky,853,2373,4.944468107,4.590335924,0.354132183,2.065274151,4579,5.480414709,4.907889689,0.57252502,3.784297521
becky,861,2323,4.934418237,4.548915151,0.385503086,2.141013825,4508,5.427490286,4.863082736,0.56440755,3.807432432
becky,872,2523,5.096134076,4.707172626,0.38896145,2.21121823,4529,5.500201152,4.932156587,0.568044565,3.718390805
becky,875,2788,5.07769494,4.726796308,0.350898632,2.16291699,4278,5.515643736,4.90745221,0.608191525,3.76584507
becky,878,2935,5.127574268,4.766760878,0.36081339,2.218442933,3799,5.534577304,4.930512808,0.604064496,3.691933916
becky,879,2647,5.146290907,4.774740176,0.371550731,2.187603306,3296,5.516179967,4.908631737,0.60754823,3.670378619
becky,883,2595,5.07219238,4.667899345,0.404293035,2.252604167,3615,5.460936988,4.875737801,0.585199187,3.506304559
becky,886,2704,4.987355456,4.633747889,0.353607567,2.17538214,3637,5.437350608,4.857117149,0.580233459,3.626121635
becky,893,2718,4.89014496,4.529826424,0.360318536,2.155432197,4330,5.267693759,4.746015465,0.521678294,3.523189585
becky,900,2655,4.874055037,4.549371075,0.324683962,2.225481978,4032,5.333895006,4.769838663,0.564056343,3.362802335
becky,911,2654,4.88433591,4.529454226,0.354881684,2.373881932,4522,5.324045375,4.797708716,0.526336659,3.264981949
becky,913,3365,5.00343387,4.650953707,0.352480163,2.616640747,3596,5.433568683,4.896784389,0.536784294,3.281021898
becky,918,3484,4.991228587,4.635578201,0.355650386,2.601941748,3773,5.348756083,4.827716641,0.521039442,3.487060998
becky,923,3642,4.98848142,4.664770282,0.323711138,2.689807976,3407,5.409309865,4.844989235,0.56432063,3.687229437
becky,931,2929,4.970357836,4.646896868,0.323460969,2.631626235,3258,5.430588902,4.866600824,0.563988078,3.537459283
becky,934,2837,4.937003743,4.59216284,0.344840903,2.689099526,3183,5.41124784,4.894158935,0.517088905,3.572390572
becky,940,2556,4.962460602,4.5911849,0.371275702,2.597560976,3316,5.361859289,4.853480358,0.508378932,3.461377871
becky,941,2798,4.89262321,4.560292282,0.332330928,2.564619615,3577,5.353881473,4.825320875,0.528560598,3.541584158
becky,944,3262,4.898919256,4.568130266,0.330788991,2.620080321,3260,5.346047235,4.817954369,0.528092866,3.475479744
becky,946,3334,4.794662716,4.477512471,0.317150245,2.619010212,3216,5.377857336,4.878773727,0.499083609,3.537953795
becky,952,2870,4.842233526,4.496936237,0.345297289,2.590252708,3082,5.416113779,4.909298534,0.506815245,3.604678363
becky,959,2733,4.794170949,4.486259391,0.307911558,2.500457457,3040,5.451725621,4.933469025,0.518256596,3.51039261
becky,968,2809,4.92026688,4.61679845,0.30346843,2.530630631,3378,5.432857164,4.900280119,0.532577045,3.489669421
becky,969,3222,4.922878397,4.576435229,0.346443168,2.61738424,4036,5.440745814,4.894059418,0.546686397,3.712971481
becky,976,2990,4.993200954,4.588202218,0.404998736,2.6,4476,5.417807295,4.899280362,0.518526933,3.933216169
becky,981,2694,4.914570585,4.508839324,0.405731261,2.551136364,4188,5.481309053,4.93149916,0.549809892,4.109911678
becky,991,2820,5.022157482,4.616785066,0.405372416,2.508896797,4042,5.473086542,4.926241531,0.54684501,3.791744841
becky,996,2737,4.995198115,4.596625121,0.398572994,2.45470852,3803,5.488506614,4.880165863,0.608340752,3.557530402
becky,1002,3331,5.074563912,4.64175861,0.432805302,2.600312256,4308,5.355631607,4.788813058,0.566818549,3.451923077
becky,1004,3609,5.048347636,4.611785998,0.436561637,2.579699786,4123,5.413433191,4.828292736,0.585140455,3.41307947
becky,1008,4076,5.010965034,4.584916413,0.426048621,2.665794637,4518,5.432921755,4.86175055,0.571171204,3.499612703
becky,1010,3750,4.983384592,4.579849066,0.403535527,2.521856086,3866,5.51121002,4.939785982,0.571424038,3.626641651
becky,1022,3612,5.076281027,4.693649659,0.382631368,2.503118503,4649,5.524589354,4.968414184,0.556175169,3.678006329
becky,1033,3697,5.195245618,4.790982559,0.404263059,2.560249307,4246,5.547580349,4.958774164,0.588806185,3.660344828
becky,1041,3891,5.228759562,4.829015986,0.399743577,2.576821192,4330,5.553099204,4.982317551,0.570781653,3.590381426
becky,1041,3777,5.126922422,4.721867516,0.405054906,2.553752536,3542,5.462456781,4.934820181,0.5276366,3.681912682
becky,1045,3238,5.072260481,4.66598392,0.406276561,2.398518519,3816,5.452155246,4.91977004,0.532385206,3.637750238
becky,1050,3101,4.996033394,4.626442188,0.369591206,2.449447077,3853,5.45881251,4.91154224,0.54727027,3.628060264
becky,1057,3158,5.111557329,4.712760304,0.398797025,2.609917355,3768,5.475649463,4.901490212,0.574159251,3.528089888
becky,1059,3393,5.097656646,4.717127502,0.380529144,2.776595745,3690,5.436015514,4.881995642,0.554019872,3.527724665
becky,1063,3463,5.149405346,4.753307528,0.396097818,2.83852459,3810,5.434388912,4.880224458,0.554164453,3.56741573
becky,1065,3504,5.120539177,4.75913789,0.361401287,2.814457831,3692,5.431740459,4.878317617,0.553422842,3.612524462
becky,1070,3464,5.137391861,4.75988875,0.377503111,2.729708432,3921,5.48899597,4.952866072,0.536129898,3.699056604
domin,691,1077,3.987162216,3.95568327,0.031478946,1.24078341,4062,5.250110558,4.664981159,0.585129398,3.081942337
domin,693,934,4.025443851,3.946487268,0.078956582,1.224115334,4302,5.307998427,4.732437695,0.575560732,3.294027565
domin,700,1077,4.189975349,4.094981784,0.094993565,1.259649123,4826,5.22554148,4.659766168,0.565775312,3.282993197
domin,707,1063,4.233550811,4.147885791,0.085665021,1.219036697,5129,5.147996437,4.604839157,0.54315728,3.451547779
domin,714,1210,4.506228923,4.419040657,0.087188265,1.271008403,5389,5.073370115,4.540296959,0.533073157,3.296024465
domin,716,1358,4.5470715,4.474021238,0.073050261,1.307025987,5217,5.153537622,4.634427957,0.519109665,3.333546326
domin,724,1344,4.753894185,4.647457184,0.106437001,1.379876797,5925,5.221543609,4.700357489,0.52118612,3.248355263
domin,730,1351,4.518381511,4.42562473,0.092756781,1.410229645,5900,5.256398141,4.749188732,0.507209409,3.320202589
domin,742,1348,4.628874149,4.542483031,0.086391119,1.418947368,6604,5.241348864,4.732789583,0.508559281,3.300349825
domin,746,1373,4.591647348,4.524700911,0.066946437,1.398167006,5969,5.205518196,4.686177269,0.519340928,3.32164719
domin,753,1509,4.629841442,4.513069629,0.116771813,1.459381044,5823,5.13022793,4.61200022,0.518227709,3.314171884
domin,755,1284,4.49395979,4.3950802,0.09887959,1.5,4712,5.151099205,4.671537424,0.479561781,3.256392536
domin,763,1408,4.424572464,4.311690754,0.11288171,1.598183882,5042,5.136175572,4.665121303,0.471054269,3.314924392
domin,768,1423,4.444088004,4.368832423,0.075255581,1.572375691,5297,5.13118507,4.676307698,0.454877372,3.386828645
domin,773,1784,4.49937311,4.427574456,0.071798654,1.644239631,5723,5.1524949,4.673609633,0.478885267,3.439302885
domin,776,1788,4.585485446,4.510518751,0.074966695,1.597855228,5549,5.287105272,4.80425722,0.482848052,3.425308642
domin,781,1750,4.640395441,4.548822492,0.091572949,1.630941286,5770,5.340821994,4.834691094,0.5061309,3.396115362
domin,785,1561,4.636706195,4.50608781,0.130618384,1.551689861,5788,5.31446846,4.786937997,0.527530463,3.439096851
domin,792,1552,4.595336447,4.457095297,0.13824115,1.63540569,5769,5.324474234,4.774644506,0.549829728,3.50273224
domin,796,1520,4.56119276,4.423803274,0.137389486,1.719457014,5565,5.340937277,4.767708251,0.573229026,3.506616257
domin,801,1832,4.674927997,4.550294253,0.124633744,1.916317992,5192,5.360148367,4.791534527,0.56861384,3.393464052
domin,804,2014,4.821303272,4.686933497,0.134369775,2.0039801,5138,5.343352603,4.781045779,0.562306824,3.351598174
domin,810,2277,4.865019653,4.734390231,0.130629422,2.040322581,5075,5.33419912,4.793261869,0.540937251,3.461800819
domin,815,2082,4.843523392,4.700773323,0.142750069,2.057312253,5022,5.365096624,4.812859412,0.552237212,3.569296375
domin,824,1936,4.748217874,4.601763687,0.146454187,2.042194093,5463,5.355829086,4.815095532,0.540733554,3.778008299
domin,829,1653,4.786856122,4.643155606,0.143700516,1.993968637,5869,5.397814276,4.83464405,0.563170226,3.788896062
domin,840,2039,4.83725098,4.701663666,0.135587315,1.912757974,6795,5.435582439,4.878139095,0.557443345,3.700980392
domin,844,2077,4.886573903,4.760606064,0.125967839,1.896803653,6902,5.463731929,4.911510408,0.552221521,3.54676259
domin,850,2388,4.784798183,4.667978764,0.116819419,1.933603239,6812,5.465665151,4.920403553,0.545261598,3.445624684
domin,852,2140,4.731879463,4.618729932,0.113149531,2.020774315,6599,5.425601651,4.885672824,0.539928827,3.465861345
domin,856,2564,4.702130252,4.554164752,0.1479655,2.105090312,6522,5.390498347,4.843995446,0.5465029,3.540716612
domin,859,2672,4.735991319,4.599382032,0.136609286,2.103937008,6756,5.415808821,4.864253021,0.5515558,3.540880503
domin,866,3073,4.788988359,4.612863768,0.176124591,2.126643599,6602,5.430702219,4.855196007,0.575506212,3.547555078
domin,870,2987,4.822198916,4.644767964,0.177430953,2.142754663,4461,5.39588899,4.828491177,0.567397814,3.463509317
domin,876,2824,4.762750624,4.59895208,0.163798544,2.163984674,4610,5.372707285,4.780681014,0.59202627,3.652931854
domin,878,2286,4.853888706,4.682011042,0.171877665,2.11862836,5154,5.397451424,4.843509757,0.553941667,3.800884956
domin,883,1986,4.851621783,4.660078056,0.191543727,2.004036327,7291,5.473418631,4.89092004,0.582498591,3.660140562
domin,885,1899,4.844260676,4.640040189,0.204220488,1.887673956,6945,5.46938903,4.903901149,0.565487881,3.604047743
domin,893,2242,4.864970918,4.662506777,0.202464141,1.954664342,6102,5.457573771,4.885890426,0.571683346,3.388117712
domin,898,2479,4.959077753,4.774913689,0.184164064,1.999193548,5548,5.424179367,4.879734331,0.544445035,3.308288611
domin,904,2900,4.996831589,4.790261417,0.206570172,2.251552795,5054,5.454428825,4.872127203,0.582301622,3.229392971
domin,906,2776,4.947275696,4.726782915,0.220492782,2.275409836,5227,5.415587279,4.852966051,0.562621228,3.348494555
domin,914,2965,4.931601481,4.706060285,0.225541197,2.512711864,5681,5.420960059,4.85377756,0.567182499,3.555068836
domin,918,2666,5.012011855,4.788349599,0.223662257,2.482309125,6008,5.368554542,4.848001869,0.520552673,3.552927262
domin,925,3030,5.088257361,4.834669705,0.253587656,2.650918635,5822,5.451993825,4.904489621,0.547504204,3.54136253
domin,928,2785,5.05930221,4.801234757,0.258067453,2.515808491,5855,5.420942801,4.887640729,0.533302072,3.423976608
domin,935,3364,5.104899702,4.85289786,0.252001841,2.632237872,5897,5.491308243,4.936114296,0.555193947,3.348665531
domin,939,3364,5.043323376,4.807700414,0.235622961,2.671961875,5518,5.395293249,4.896196593,0.499096656,3.31809982
domin,947,3839,5.046729611,4.784608974,0.262120638,2.716914367,5321,5.439393421,4.919357757,0.520035663,3.240560292
domin,952,3597,5.053194211,4.763837705,0.289356507,2.540254237,5369,5.457815812,4.913369176,0.544446636,3.263829787
domin,959,3653,5.080280863,4.785912441,0.294368422,2.454973118,5774,5.443028108,4.8815342,0.561493907,3.21134594
domin,961,3658,4.994032593,4.705879876,0.288152717,2.610992148,5692,5.394216979,4.828237735,0.565979244,3.284477784
domin,966,3850,4.978932725,4.675715564,0.303217161,2.873134328,5443,5.387872688,4.821732523,0.566140165,3.355733662
domin,967,3370,4.939531179,4.629468068,0.310063111,2.895189003,5426,5.366338768,4.806498832,0.559839936,3.525666017
domin,976,2989,4.986462789,4.700195731,0.286267058,2.649822695,5856,5.445423645,4.854580216,0.590843428,3.639527657
domin,985,2603,4.942034761,4.694867759,0.247167002,2.412418906,6163,5.39684642,4.827711246,0.569135174,3.599883178
domin,994,2617,4.942641201,4.726040922,0.216600279,2.320035461,6306,5.434784998,4.861400661,0.573384338,3.568760611
domin,995,2018,4.770221796,4.583477828,0.186743969,2.217582418,6162,5.214253435,4.703682539,0.510570896,3.863322884
domin,1008,2136,5.005671331,4.774392705,0.231278626,2.257928118,6068,5.277369154,4.729237306,0.548131848,3.799624296
domin,1015,2232,4.997788026,4.703862753,0.293925273,2.426086957,6082,5.248372801,4.708362334,0.540010468,3.791770574
domin,1021,2783,5.085174326,4.789023841,0.296150485,2.469387755,5879,5.391365037,4.840905067,0.55045997,3.470484061
domin,1023,2412,4.999210082,4.683148973,0.316061109,2.328185328,5624,5.367499034,4.840587244,0.52691179,3.539332914
domin,1028,2544,4.965338653,4.662588278,0.302750375,2.38425492,5838,5.298307228,4.79811862,0.500188608,3.60815822
domin,1030,2339,4.901452368,4.574710179,0.326742189,2.418821096,6237,5.322053294,4.820492097,0.501561197,3.748197115
domin,1035,2218,4.871901034,4.549541195,0.322359838,2.555299539,6718,5.34318988,4.84262966,0.50056022,3.757270694
nic,756,797,3.570463308,3.573517418,-0.003054109,1.184249629,5804,5.483652998,4.939410788,0.54424221,3.905787349
nic,758,852,3.563661566,3.561803058,0.001858508,1.281203008,5276,5.475415711,4.940889036,0.534526675,3.990922844
nic,767,1092,3.709360249,3.687157041,0.022203208,1.301549464,5185,5.463095399,4.9295945,0.5335009,3.985395849
nic,771,1265,3.542517048,3.522745476,0.019771572,1.23776908,5133,5.453040856,4.940999582,0.512041274,3.75493782
nic,776,1260,3.621515658,3.597278612,0.024237046,1.229268293,5760,5.445282393,4.965539766,0.479742627,3.868368032
nic,779,1111,3.676970387,3.669210796,0.007759591,1.197198276,5595,5.44376211,4.970045708,0.473716402,3.904396371
nic,785,958,3.950341116,3.933259329,0.017081787,1.245773732,6049,5.507126018,5.028026567,0.479099452,4.171724138
nic,789,912,3.858803758,3.851253018,0.00755074,1.214380826,5695,5.543732733,5.027188051,0.516544682,4.021892655
nic,798,961,3.988262088,3.961295053,0.026967035,1.325517241,6070,5.523042587,5.002672917,0.520369669,4.360632184
nic,800,1036,3.937127552,3.913683887,0.023443664,1.366754617,5696,5.509722919,4.976745654,0.532977265,4.351413293
nic,807,1229,4.014451714,3.984994923,0.029456792,1.40617849,5967,5.510865317,5.001074985,0.509790332,4.433135215
nic,812,1167,3.965187378,3.93791121,0.027276167,1.389285714,5556,5.519246456,5.037512426,0.48173403,4.133928571
nic,818,1203,4.035905796,4.030894871,0.005010925,1.411971831,5900,5.487939772,5.030241744,0.457698028,4.111498258
nic,821,1195,4.04656122,4.038803072,0.007758148,1.43457383,6188,5.425369902,4.956775788,0.468594114,4.076416337
nic,827,1280,4.157045603,4.14980648,0.007239123,1.454545455,6825,5.466505004,4.979937239,0.486567765,4.128856624
nic,832,1415,4.182723839,4.169349855,0.013373984,1.439471007,6422,5.524650992,5.013324512,0.51132648,3.974009901
nic,840,1308,4.135928241,4.113431137,0.022497105,1.448504983,5696,5.530519274,5.022786868,0.507732406,3.955555556
nic,844,1210,4.119478946,4.082308843,0.037170103,1.433649289,4765,5.499834271,4.970843801,0.52899047,3.790771679
nic,856,1125,4.253978146,4.205824657,0.048153489,1.462938882,4733,5.426359939,4.915557187,0.510802752,3.657650696
nic,862,1182,4.287219966,4.213338231,0.073881735,1.464684015,5257,5.464220516,4.943983971,0.520236546,3.720452937
nic,869,1354,4.328504434,4.238742772,0.089761662,1.512849162,5699,5.49792519,4.986424661,0.511500529,3.812040134
nic,870,1357,4.279922381,4.197306005,0.082616376,1.499447514,5664,5.488876957,4.97687947,0.511997487,3.898141776
nic,873,1458,4.491748501,4.401993983,0.089754518,1.544491525,5303,5.535145446,5.001523194,0.533622253,3.766335227
nic,876,1328,4.557202265,4.47036151,0.086840755,1.537037037,5397,5.656949091,5.129607763,0.527341329,3.939416058
nic,880,1216,4.685561985,4.585634156,0.099927829,1.554987212,5519,5.706411646,5.162394887,0.544016759,3.939329051
nic,882,980,4.470146615,4.396656733,0.073489882,1.473684211,4751,5.668532036,5.156933768,0.511598267,3.828364222
nic,894,1032,4.48772327,4.404101741,0.083621529,1.513196481,4701,5.528319231,5.024475984,0.503843247,3.742834395
nic,901,1336,4.427775452,4.329340956,0.098434495,1.566236811,4488,5.47746912,4.992291679,0.485177441,3.702970297
nic,910,1516,4.637721978,4.516580376,0.121141602,1.69955157,3561,5.426099252,4.939057616,0.487041636,3.917491749
nic,916,2108,4.741108959,4.642006027,0.099102933,1.900811542,1638,5.280976634,4.7698625,0.511114134,3.576419214
nic,922,1861,4.753633137,4.650888157,0.10274498,1.920536636,2083,5.415024162,4.94613017,0.468893992,3.759927798
nic,922,1713,4.716768268,4.633090854,0.083677414,1.832085562,3847,5.610302125,5.077368326,0.532933799,3.767874633
nic,929,1288,4.573412513,4.497622609,0.075789904,1.683660131,5542,5.58323048,5.058958268,0.524272212,3.785519126
nic,931,1498,4.505388393,4.438401064,0.066987329,1.791866029,5372,5.556662802,5.020631322,0.53603148,3.812633073
nic,938,2022,4.65671176,4.552655414,0.104056346,1.978473581,5772,5.532258984,5.006501045,0.525757939,3.958847737
nic,942,2026,4.750180777,4.629785498,0.120395279,1.951830443,5979,5.563228554,5.029070973,0.53415758,4.012751678
nic,947,2076,4.874162984,4.748144759,0.126018226,1.945641987,6287,5.571318142,5.035866078,0.535452063,4.071891192
nic,950,2078,4.783287222,4.65844402,0.124843202,1.969668246,5838,5.606176069,5.063973938,0.542202131,3.920752183
nic,952,2005,4.890920898,4.726563992,0.164356905,2.031408308,5888,5.573235184,5.000325337,0.572909847,3.912292359
nic,952,1896,4.899343505,4.723262326,0.17608118,2.017021277,5636,5.5708784,4.985108607,0.585769793,3.886896552
nic,963,1548,4.886351156,4.678663468,0.207687688,1.918215613,6235,5.582360782,4.991794854,0.590565929,4.069843342
nic,978,1731,4.946222049,4.714250718,0.231971331,1.949324324,5908,5.618437608,5.032063883,0.586373725,3.986504723
nic,993,1848,4.893904449,4.680992336,0.212912113,2.021881838,5868,5.629699618,5.072522579,0.557177039,4.002728513
nic,995,2055,4.836176663,4.640211178,0.195965485,1.944181646,5647,5.546909643,5.022174149,0.524735494,3.943435754
nic,1000,1922,4.749426397,4.626148243,0.123278155,1.888015717,6038,5.566395973,5.063602223,0.502793751,4.115882754
nic,1001,1869,4.756713615,4.627842548,0.128871067,1.857852883,5583,5.518092108,4.980287875,0.537804233,4.063318777
nic,1004,1722,4.820083249,4.673076906,0.147006342,1.921875,5345,5.523192345,4.997996658,0.525195687,4.114703618
nic,1006,1669,4.805800953,4.649168418,0.156632535,1.982185273,4914,5.48363123,4.954084645,0.529546585,4.153846154
nic,1012,2015,4.872755179,4.699087767,0.173667412,2.058222676,5195,5.49324807,5.008239301,0.485008768,4.279242175
nic,1015,2371,4.867112881,4.679706437,0.187406444,2.132194245,4635,5.557167701,5.028194546,0.528973155,4.080105634
nic,1020,2547,4.89802101,4.70822773,0.18979328,2.113692946,4763,5.596804274,5.042327205,0.55447707,3.942880795
nic,1024,2059,4.765572463,4.56592857,0.199643892,2.046719682,5030,5.596907854,5.022503757,0.574404097,3.878180416
nic,1033,1865,4.783840874,4.587610923,0.196229951,2.020585049,5727,5.587864318,5.061365869,0.526498449,3.911885246
nic,1036,1903,4.767303841,4.564507129,0.202796711,2.077510917,5784,5.562175055,5.053863581,0.508311474,3.894949495
nic,1043,2296,4.87583022,4.678463451,0.197366768,2.216216216,5894,5.593371166,5.085298135,0.508073032,3.995932203
nic,1046,2039,4.806000643,4.625153669,0.180846975,2.089139344,5884,5.608889811,5.070119167,0.538770643,4.08895066
nic,1054,1893,4.765747306,4.61678466,0.148962646,1.992631579,5831,5.566871644,5.024457622,0.542414021,4.002059025
nic,1056,1481,4.606637293,4.481452819,0.125184474,1.872313527,5104,5.500573313,4.955490834,0.545082479,3.896183206
nic,1063,1607,4.84092762,4.673563295,0.167364325,2.111695138,5049,5.516387611,4.991542041,0.52484557,4.013513514
nic,1067,1337,4.914765226,4.720163126,0.1946021,2.301204819,4359,5.564990765,5.032311008,0.532679758,4.277723258
nic,1073,1397,4.970369147,4.789540456,0.180828691,2.293924466,4782,5.566500427,5.031294367,0.53520606,4.254448399
nic,1076,1447,4.822569751,4.605072988,0.217496763,2.159701493,4891,5.498984939,4.957270942,0.541713998,4.12742616
nic,1086,1932,4.894440664,4.682007411,0.212433253,2.173228346,5615,5.540835401,4.993002045,0.547833356,4.042476602
nic,1092,2258,4.966590353,4.746874581,0.219715772,2.31352459,5583,5.526832479,4.98112372,0.545708759,3.860995851
nic,1100,2730,4.91300967,4.710073089,0.202936581,2.516129032,5127,5.504932265,4.96784539,0.537086876,3.64911032
joel,699,656,4.617900919,4.526653803,0.091247116,1.17562724,4461,5.319435974,4.785644052,0.533791923,3.280147059
joel,703,722,4.512542119,4.400624458,0.111917661,1.249134948,4132,5.350476396,4.818991686,0.53148471,3.180908391
joel,710,961,4.687800097,4.586036459,0.101763638,1.378766141,4767,5.46890215,4.910792812,0.558109338,3.388059701
joel,714,1073,4.625054005,4.541810769,0.083243236,1.415567282,5069,5.511241846,4.928853929,0.582387917,3.483848797
joel,719,1147,4.658438373,4.58481268,0.073625692,1.397076736,6002,5.433100328,4.881185421,0.551914907,3.633171913
joel,721,1110,4.499979821,4.438554601,0.06142522,1.403286979,5965,5.435542593,4.883553103,0.55198949,3.637195122
joel,730,1144,4.550160203,4.476755946,0.073404257,1.487646294,6126,5.411595242,4.871639015,0.539956227,3.712727273
joel,735,1171,4.503083985,4.434690226,0.068393758,1.586720867,5320,5.451307136,4.874625268,0.576681868,3.699582754
joel,745,1014,4.70764409,4.628791992,0.078852097,1.557603687,5466,5.507367368,4.919862517,0.587504851,3.636726547
joel,750,1017,4.564697469,4.511713773,0.052983696,1.594043887,4534,5.484249792,4.896344509,0.587905282,3.584189723
joel,759,1168,4.416061729,4.372972415,0.043089314,1.510996119,4451,5.481631784,4.917595166,0.564036618,3.379650721
joel,760,1387,4.380358145,4.327787295,0.05257085,1.520833333,4073,5.457265176,4.933309085,0.523956091,3.319478403
joel,764,1181,4.347843948,4.294219775,0.053624172,1.470734745,4037,5.527337117,4.982820594,0.544516523,3.398148148
joel,766,970,4.584832265,4.501002303,0.083829962,1.608623549,3824,5.546013539,4.960223126,0.585790413,3.628083491
joel,777,1123,4.868140731,4.773688971,0.09445176,1.788216561,3760,5.457187535,4.9042634,0.552924135,3.504193849
joel,780,1540,4.904325627,4.798022639,0.106302989,1.833333333,4453,5.419376652,4.86831485,0.551061803,3.383738602
joel,786,1708,5.114858384,4.997389923,0.11746846,1.854505972,5169,5.496325119,4.949561147,0.546763972,3.483153639
joel,791,1499,5.089465998,4.97079505,0.118670948,1.902284264,5220,5.54307689,4.968522832,0.574554058,3.70212766
joel,799,1275,5.092514325,4.975545926,0.116968399,1.958525346,4761,5.543775161,4.975868641,0.56790652,3.772583201
joel,801,1225,5.016054931,4.879539689,0.136515242,1.98541329,4587,5.525371258,5.005081978,0.520289279,3.744489796
joel,806,1287,5.082400134,4.935704404,0.14669573,1.998447205,4835,5.617489483,5.06882763,0.548661852,3.727833462
joel,808,1294,5.18379721,5.019177567,0.164619643,2.050713154,4775,5.628258483,5.095860434,0.532398048,3.742163009
joel,816,1560,5.116564344,4.943727055,0.172837289,2.060766182,4907,5.58891564,5.044265972,0.544649667,3.689473684
joel,820,1597,5.00099672,4.83805005,0.16294667,2.018963338,4548,5.479277109,4.975327012,0.503950098,3.490406754
joel,825,1507,4.903691486,4.733247694,0.170443792,1.985507246,4936,5.517636281,4.979465464,0.538170817,3.656296296
joel,827,1145,4.869422871,4.682946422,0.186476449,1.92114094,4690,5.514212061,4.942998416,0.571213645,3.740031898
joel,836,1051,4.918145042,4.678617424,0.239527617,1.986767486,4686,5.503522965,4.934335839,0.569187126,3.722001589
joel,840,1171,5.106490799,4.846601717,0.259889082,2.015490534,5655,5.531313328,4.975982165,0.555331163,3.775033378
joel,847,1385,5.094041121,4.834411502,0.259629619,2.14064915,5550,5.524718992,4.967811935,0.556907057,3.801369863
joel,849,1453,5.084192899,4.835302729,0.24889017,2.184962406,5094,5.608811219,5.040774028,0.568037191,4.055732484
joel,860,1752,5.087270542,4.81063007,0.276640472,2.171003717,4209,5.540088253,4.972029664,0.568058589,3.809049774
joel,867,2040,5.088384236,4.803628127,0.284756109,2.140608604,3936,5.562430493,5.016057488,0.546373005,3.64107308
joel,874,2291,5.170084062,4.862266301,0.30781776,2.111520737,4884,5.562275326,5.009831801,0.552443525,3.58853784
joel,876,2152,5.119781416,4.83970048,0.280080936,2.130693069,4544,5.598475537,5.046917128,0.551558409,3.612082671
joel,881,2205,5.12854344,4.853681642,0.274861798,2.136627907,5151,5.614685106,5.03019416,0.584490945,3.612201964
joel,886,2264,5.115135821,4.83448498,0.280650841,2.215264188,5154,5.632673635,5.052272429,0.580401206,3.67617689
joel,890,2435,5.163625613,4.858747524,0.304878089,2.28424015,5317,5.632538313,5.043238598,0.589299715,3.654295533
joel,897,2289,5.208091741,4.905663619,0.302428121,2.282153539,4969,5.608621489,5.051668459,0.556953029,3.61119186
joel,903,2071,5.164579495,4.878241305,0.28633819,2.22688172,4706,5.555756598,5.005590186,0.550166412,3.52245509
joel,911,2211,5.227077128,4.946064945,0.281012183,2.193452381,4610,5.566016094,5.026863405,0.539152689,3.468773514
joel,917,2405,5.086740706,4.772364023,0.314376683,2.277462121,5068,5.535080878,4.975833351,0.559247527,3.52433936
joel,919,2432,5.045298627,4.717648128,0.327650499,2.247689464,4897,5.579133933,4.985141969,0.593991963,3.438904494
joel,924,2504,5.072746919,4.688059482,0.384687437,2.259927798,5030,5.584991603,4.985123173,0.599868429,3.412483039
joel,927,2725,5.194631455,4.8128752,0.381756256,2.220863896,4940,5.596233008,5.018370454,0.577862554,3.501063076
joel,931,3251,5.247836993,4.840566398,0.407270595,2.252945253,5467,5.608013975,5.041508019,0.566505956,3.587270341
joel,933,3373,5.210259157,4.839270601,0.370988556,2.339112344,5513,5.659627605,5.084950619,0.574676986,3.589192708
joel,940,3291,5.254178589,4.864928171,0.389250418,2.457804332,5192,5.729561095,5.138229141,0.591331954,3.51285521
joel,944,3175,5.247786797,4.887892606,0.359894191,2.634854772,4438,5.713964983,5.128476066,0.585488917,3.359576079
joel,951,3389,5.368414389,4.984906597,0.383507793,2.527218494,4423,5.661714687,5.071860239,0.589854448,3.436674437
joel,953,3314,5.364094162,4.998909322,0.365184841,2.426061493,4419,5.651441112,5.08545133,0.565989782,3.414992272
joel,959,3217,5.343650638,4.985871876,0.357778762,2.294579173,4735,5.582629746,5.041479386,0.541150359,3.46378932
joel,965,3109,5.296436845,4.943777292,0.352659553,2.357088704,4553,5.591695796,5.047297758,0.544398038,3.377596439
joel,973,3330,5.258575209,4.909489192,0.349086017,2.421818182,5095,5.598512593,5.010740319,0.587772274,3.56044724
joel,975,3341,5.299354019,4.961056552,0.338297468,2.429818182,5043,5.6537315,5.063820026,0.589911475,3.57406095
joel,983,3211,5.271024693,4.935304352,0.335720341,2.447408537,5083,5.692790198,5.117837981,0.574952217,3.592226148
joel,988,2823,5.153382522,4.819508484,0.333874038,2.384290541,4699,5.654925107,5.098630049,0.556295057,3.318502825
joel,994,2442,5.068596948,4.698004786,0.370592162,2.394117647,4764,5.598485213,5.016979958,0.581505255,3.395580898
joel,997,2024,4.950157194,4.627684763,0.32247243,2.243902439,4801,5.574005938,4.988308006,0.585697932,3.417081851
joel,1005,2114,5.174461105,4.864863052,0.309598053,2.317982456,4772,5.623379539,5.02857919,0.594800349,3.54795539
joel,1009,2381,5.182833778,4.881595188,0.30123859,2.332027424,4564,5.647916813,5.084507279,0.563409534,3.585231736
joel,1015,2563,5.267822918,4.944513795,0.323309123,2.366574331,4677,5.646446141,5.07613733,0.570308811,3.706022187
joel,1017,2337,5.112881509,4.82731748,0.285564029,2.165894347,4833,5.659340306,5.081244687,0.578095618,3.64479638
joel,1026,2936,5.284653726,4.973381721,0.311272005,2.446666667,4762,5.646421094,5.05820601,0.588215085,3.588545592
joel,1031,3368,5.275610308,4.943013287,0.332597021,2.600772201,4612,5.632737002,5.053455964,0.579281038,3.401179941
joel,1035,3683,5.385778243,4.990553289,0.395224954,2.84841454,4799,5.650235558,5.055256615,0.594978943,3.586696562
warr,673,1600,4.885818264,4.784835758,0.100982505,1.725997843,5640,5.596883323,4.983145793,0.613737531,4.469096672
warr,676,1492,4.698175211,4.641883425,0.056291786,1.804111245,5612,5.604955076,4.987109913,0.617845163,4.626545754
warr,685,1443,4.712207261,4.642005421,0.07020184,1.911258278,5864,5.654900228,5.065800057,0.589100171,4.346923647
warr,691,1612,4.670284598,4.56218691,0.108097687,2.064020487,6152,5.609479068,5.029496389,0.57998268,4.513573001
warr,697,1629,4.715366848,4.597532878,0.117833971,2.110103627,6059,5.572322417,4.998877945,0.573444472,4.318602994
warr,707,1757,4.750676766,4.676964169,0.073712597,2.19625,5988,5.617963724,5.032440055,0.585523669,4.550151976
warr,714,1597,4.864788636,4.81092482,0.053863816,2.112433862,5549,5.731251047,5.138875699,0.592375347,4.314930016
warr,724,1625,4.869944304,4.807076861,0.062867443,2.11038961,6021,5.681000055,5.125501072,0.555498984,4.294579173
warr,729,1427,4.913414467,4.824475234,0.088939234,1.995804196,5819,5.604789246,5.053461183,0.551328063,4.210564399
warr,736,1245,4.88637879,4.76946117,0.11691762,2.011308562,6215,5.631369119,5.079258532,0.552110587,4.361403509
warr,741,1139,4.813176902,4.701678154,0.111498748,2.097605893,6171,5.654488428,5.112722936,0.541765492,4.449170872
warr,750,1290,4.719516161,4.595604839,0.123911322,2.15,6247,5.665786418,5.124409497,0.541376921,4.439943141
warr,752,1633,4.787541013,4.671032778,0.116508235,2.322901849,5646,5.647986093,5.143316076,0.504670017,4.527666399
warr,756,1765,4.85545675,4.710896198,0.144560553,2.319316689,5183,5.656953721,5.131752534,0.525201187,4.590788308
warr,758,1733,4.861795772,4.725762062,0.136033709,2.451202263,5261,5.682794602,5.183154373,0.499640228,4.761085973
warr,766,1820,4.856135914,4.675646845,0.18048907,2.531293463,5206,5.666778802,5.144343477,0.522435324,4.911320755
warr,769,1757,4.977396024,4.795127198,0.182268825,2.535353535,5140,5.743537342,5.211876417,0.531660926,4.817244611
warr,779,1904,4.959388623,4.741258224,0.218130399,2.542056075,4870,5.721494919,5.165967242,0.555527677,4.755859375
warr,783,1655,5.046933908,4.862089473,0.184844435,2.377873563,5117,5.734226602,5.213851691,0.520374911,4.520318021
warr,790,1796,4.90232108,4.71452941,0.187791669,2.410738255,5796,5.721722716,5.178244044,0.543478672,4.581818182
warr,793,1807,4.881466484,4.685150631,0.196315853,2.545070423,5879,5.69559045,5.146973128,0.548617322,4.618224666
warr,797,1992,4.868325413,4.65517669,0.213148723,2.684636119,5855,5.642335834,5.085188659,0.557147175,4.710378117
warr,799,2056,4.75182082,4.537203467,0.214617353,2.824175824,4986,5.606527248,5.050077631,0.556449618,4.76217765
warr,804,2223,4.810821206,4.614100909,0.196720297,2.627659574,5188,5.643996486,5.116795916,0.52720057,4.644583706
warr,806,2238,4.824978693,4.626305284,0.19867341,2.636042403,4952,5.640074875,5.124198493,0.515876382,4.619402985
warr,813,2464,5.126305804,4.891699079,0.234606725,2.687022901,5362,5.736565938,5.237361818,0.49920412,4.78322926
warr,817,2260,5.082899483,4.816312866,0.266586617,2.842767296,4704,5.716448824,5.209848623,0.506600201,4.920502092
warr,823,2270,5.111205956,4.839416129,0.271789827,2.858942065,5128,5.734083304,5.213873492,0.520209812,5.092353525
warr,826,2122,5.095310771,4.806764521,0.28854625,2.773856209,5040,5.769184669,5.210655938,0.558528731,4.822966507
warr,833,2129,5.12871787,4.851775092,0.276942778,2.764935065,5886,5.748278769,5.183440392,0.564838378,4.876553438
warr,838,2142,5.194048307,4.869347179,0.324701128,2.814717477,5724,5.738730507,5.164888032,0.573842475,4.973066898
warr,846,1912,5.122412106,4.749819421,0.372592685,2.751079137,5483,5.728409859,5.155614311,0.572795548,4.984545455
warr,848,1743,5.121880444,4.755801657,0.366078787,2.757911392,5145,5.714243727,5.143818501,0.570425226,4.923444976
warr,856,1964,5.191259926,4.859866478,0.331393448,2.896755162,5200,5.768450636,5.213690009,0.554760626,4.832713755
warr,859,2076,5.228845443,4.932890787,0.295954655,2.991354467,5102,5.768653986,5.240516375,0.528137612,4.992172211
warr,865,2056,5.292067999,5.022248804,0.269819195,2.928774929,4632,5.803822438,5.290147989,0.51367445,4.901587302
warr,868,1766,5.074175805,4.841496857,0.232678948,2.742236025,4168,5.771972219,5.263651348,0.508320871,4.897767333
warr,881,2048,5.143237419,4.87999391,0.26324351,2.959537572,4348,5.776211909,5.22851228,0.54769963,4.997701149
warr,887,2308,5.093112216,4.781516267,0.311595949,3.165980796,4497,5.768955216,5.202893681,0.566061535,5.058492688
warr,895,2720,5.154353656,4.836834762,0.317518894,3.505154639,4901,5.757442719,5.191739307,0.565703412,4.955510617
warr,897,2679,5.130865338,4.828287794,0.302577544,3.600806452,4855,5.712267779,5.153354644,0.558913135,4.764474975
warr,902,2869,5.160413041,4.852784852,0.307628189,3.673495519,5095,5.632902728,5.079813682,0.553089046,4.757236228
warr,904,2781,5.146055078,4.823734701,0.322320377,3.520253165,4615,5.640452355,5.081261246,0.559191108,4.733333333
warr,909,2792,5.148024922,4.815921249,0.332103673,3.417380661,4713,5.66530226,5.13173055,0.53357171,4.894080997
warr,911,2617,5.107165054,4.781478637,0.325686417,3.376774194,4600,5.739409474,5.203797814,0.53561166,5
warr,921,2858,5.134948671,4.837530932,0.297417739,3.468446602,4677,5.724884961,5.180579111,0.54430585,5.03444564
warr,928,3115,5.07167679,4.808463287,0.263213502,3.464961068,4014,5.662894681,5.138829825,0.524064856,4.711267606
warr,937,3373,5.068083154,4.812747549,0.255335605,3.386546185,3798,5.586873229,5.059548476,0.527324753,4.478773585
warr,941,3005,5.026890789,4.75601751,0.270873279,3.248648649,3913,5.645282159,5.100323319,0.54495884,4.560606061
warr,946,2747,4.999737571,4.701308245,0.298429326,2.96972973,4663,5.643309951,5.082397592,0.560912359,4.887840671
warr,947,2604,4.977075679,4.707506065,0.269569614,2.806034483,4996,5.66360574,5.118802045,0.544803695,4.864654333
warr,949,2631,4.960112502,4.69699158,0.263120922,2.673780488,5560,5.630793365,5.12713728,0.503656086,4.68013468
warr,950,2701,5.012910993,4.725038571,0.287872422,2.790289256,5200,5.665017234,5.153848831,0.511168403,4.557405784
warr,954,2552,5.047768108,4.73972491,0.308043198,2.732334047,5607,5.652856176,5.139283969,0.513572207,4.854545455
warr,957,2527,5.043194383,4.728932559,0.314261824,2.810901001,5171,5.637159389,5.07883866,0.558320729,4.934160305
warr,967,2435,5.120159634,4.817204296,0.302955337,2.763904654,5564,5.639455463,5.068088163,0.5713673,4.91954023
warr,973,2465,5.171786695,4.847966853,0.323819842,2.741935484,5417,5.739530349,5.134156637,0.605373712,4.598471986
warr,982,2789,5.209237537,4.884185271,0.325052265,2.8663926,5909,5.778075088,5.176798215,0.601276873,4.68968254
warr,984,2990,5.236065002,4.915708327,0.320356676,2.942913386,5776,5.7729783,5.162110719,0.610867581,4.718954248
warr,989,3540,5.279565371,4.968826386,0.310738985,3.333333333,5598,5.757497625,5.115845706,0.641651919,4.901926445
warr,991,3319,5.285658915,4.975573582,0.310085334,3.369543147,5182,5.700412867,5.058229006,0.642183861,4.807050093
warr,999,2968,5.200292715,4.916411243,0.283881472,3.403669725,5259,5.660125216,5.035931612,0.624193604,4.737837838
warr,1007,2413,5.220720088,4.940074488,0.2806456,3.175,5510,5.66926886,5.082659806,0.586609054,4.754098361
warr,1017,2386,5.223536052,4.935595477,0.287940575,3.277472527,5840,5.706873679,5.094496803,0.612376876,4.928270042
carl,629,2374,4.702351558,4.589915083,0.112436476,1.998316498,5462,5.378727733,4.748571857,0.630155875,3.418022528
carl,633,1912,4.614323105,4.475875757,0.138447348,1.889328063,5605,5.380324318,4.763729631,0.616594687,3.462013589
carl,642,2478,4.479992001,4.332484002,0.147507999,2.119760479,5686,5.356205688,4.720735414,0.635470273,3.547099189
carl,645,2476,4.345099879,4.209522541,0.135577339,2.103653356,5158,5.296457544,4.718286744,0.578170801,3.589422408
carl,649,2311,4.29406802,4.201843169,0.092224851,2.112431444,5004,5.264266068,4.69143956,0.572826508,3.687546057
carl,653,1745,4.180857284,4.107248575,0.073608709,1.91128149,4518,5.219375634,4.684558953,0.534816681,3.746268657
carl,659,2065,4.390598169,4.329415588,0.06118258,1.957345972,4383,5.281587778,4.694030592,0.587557186,3.739761092
carl,661,2298,4.444491605,4.373263235,0.07122837,1.964102564,4027,5.286128168,4.690990863,0.595137305,3.781220657
carl,669,2442,4.532646059,4.432426651,0.100219408,1.972536349,4586,5.35749066,4.723696318,0.633794342,3.831244779
carl,676,1953,4.443428699,4.32834891,0.115079789,1.856463878,4468,5.299306287,4.717430383,0.581875904,3.960992908
carl,688,1817,4.638763469,4.502003854,0.136759615,1.809760956,4682,5.398740025,4.809889586,0.588850439,3.88225539
carl,694,1953,4.832067534,4.654416307,0.177651228,1.885135135,4403,5.400243672,4.806806479,0.593437193,3.81542461
carl,700,2028,4.936102851,4.737335667,0.198767185,1.957528958,4957,5.460392767,4.859950757,0.600442009,3.715892054
carl,703,2150,4.890653061,4.717905816,0.172747245,1.958105647,4671,5.402719478,4.80914195,0.593577527,3.727853152
carl,708,1995,4.933241388,4.764530184,0.168711204,1.889204545,4597,5.43931826,4.847780619,0.591537642,3.746536267
carl,708,2098,4.817297293,4.660379946,0.156917348,1.915981735,4061,5.371258384,4.80387304,0.567385345,3.886124402
carl,712,2077,4.952239853,4.744161453,0.2080784,1.995196926,4064,5.44790343,4.881716866,0.566186564,3.833962264
carl,714,2090,4.821966926,4.626980368,0.194986558,2.063178677,4002,5.433135961,4.862718579,0.570417382,3.736694678
carl,720,2525,4.837074465,4.623364687,0.213709778,2.105921601,3728,5.475740989,4.87250407,0.603236919,3.629990263
carl,721,2545,4.77996443,4.547030842,0.232933588,2.087776866,3458,5.389567796,4.78935171,0.600216086,3.568627451
carl,728,2753,4.858997701,4.598924011,0.26007369,2.147425897,3667,5.384645053,4.765352138,0.619292914,3.757172131
carl,732,2492,4.801290795,4.570261937,0.231028857,2.135389889,3476,5.341796625,4.754834629,0.586961996,3.757837838
carl,743,2815,4.911057059,4.699264285,0.211792774,2.188958009,4127,5.383198734,4.812134809,0.571063925,4.066009852
carl,750,2836,4.866945654,4.702254598,0.164691057,2.243670886,3908,5.403902714,4.86975148,0.534151233,4.05815161
carl,758,2837,4.988918374,4.818409854,0.17050852,2.286059629,4409,5.515039694,4.943937763,0.571101931,4.008181818
carl,763,2440,5.02400561,4.804890558,0.219115053,2.288930582,2770,5.450693043,4.895873127,0.554819915,3.794520548
carl,771,2216,5.190912978,4.931705333,0.259207645,2.265848671,2971,5.561969328,4.940583094,0.621386234,3.737106918
carl,779,2310,5.188993537,4.882072234,0.306921303,2.391304348,3051,5.533757073,4.949240666,0.584516408,3.84256927
carl,782,2711,5.136793875,4.869883311,0.266910564,2.35534318,4417,5.587007461,4.989730552,0.597276909,3.797936371
carl,792,3221,5.032412141,4.752251708,0.280160434,2.453160701,4326,5.528137054,4.968009156,0.560127898,3.831709477
carl,798,3294,5.037487342,4.739552491,0.297934851,2.46004481,3905,5.538824352,4.921024992,0.61779936,3.798638132
carl,807,3275,4.945924196,4.663309303,0.282614893,2.630522088,4662,5.467007671,4.898433813,0.568573858,3.796416938
carl,809,3398,4.876136975,4.613235985,0.26290099,2.705414013,4379,5.462812363,4.855413846,0.607398518,3.90285205
carl,814,3726,4.859378486,4.601338837,0.258039649,2.735682819,4767,5.46516685,4.871092205,0.594074645,3.989121339
carl,815,4095,4.853896029,4.558182822,0.295713206,2.761294673,3860,5.423679301,4.842969443,0.580709858,4.155005382
carl,820,4286,4.872082488,4.56531073,0.306771758,2.859239493,3887,5.476700899,4.900988926,0.575711973,3.998971193
carl,821,4088,4.907815302,4.587724083,0.320091219,2.907539118,3742,5.448118445,4.885913512,0.562204933,3.910135841
carl,828,3774,4.979711036,4.686766183,0.292944853,2.941543258,4281,5.549345077,4.888176954,0.661168123,3.949261993
carl,834,3401,4.962872101,4.643913513,0.318958588,2.762794476,4282,5.485723179,4.831986754,0.653736425,3.906934307
carl,841,3161,5.062952252,4.731153264,0.331798988,2.725,4205,5.508591087,4.837728327,0.67086276,3.791704238
carl,843,2684,5.090677687,4.73096245,0.359715236,2.578290106,3368,5.493033274,4.859224132,0.633809143,3.556494192
carl,853,3015,5.122900538,4.746074803,0.376825735,2.69919427,3543,5.47625793,4.831629912,0.644628018,3.675311203
carl,857,3150,4.969995735,4.599883584,0.370112152,2.717860224,3357,5.410208757,4.793902682,0.616306075,3.903488372
carl,870,3962,5.008171348,4.638335949,0.369835399,2.930473373,3751,5.508784071,4.879292166,0.629491905,4.072747014
carl,880,3659,4.883634959,4.568275949,0.31535901,3.033996683,3541,5.471852378,4.871833867,0.600018511,4.060779817
carl,889,4217,5.014648974,4.672625806,0.342023167,3.248844376,3667,5.558797868,4.953433574,0.605364294,3.93877551
carl,891,3878,4.920108436,4.573437041,0.346671394,3.264309764,3891,5.482484647,4.888510154,0.593974493,4.023784902
carl,895,4263,5.035889801,4.649636872,0.386252929,3.251716247,4124,5.517312765,4.88058888,0.636723884,3.87593985
carl,898,4352,4.917897242,4.575690189,0.342207053,3.178962747,3885,5.489058549,4.858042971,0.631015578,3.920282543
carl,902,4597,4.970817177,4.616915458,0.353901718,3.097708895,3693,5.432872593,4.795138319,0.637734274,3.715291751
carl,904,4583,4.923667322,4.595921474,0.327745848,3.086195286,3306,5.394642182,4.785096679,0.609545503,3.80875576
carl,914,4514,4.972753629,4.626853204,0.345900425,2.975609756,3204,5.411679402,4.80126835,0.610411053,3.76056338
carl,920,4255,4.933800654,4.60903251,0.324768144,2.938535912,2715,5.395736828,4.795872918,0.59986391,3.90647482
carl,933,4048,4.995032255,4.641878274,0.353153981,2.989660266,2938,5.443331548,4.842793817,0.60053773,4.024657534
carl,939,3807,4.97007837,4.615398203,0.354680166,3.154101077,3156,5.439855843,4.833172055,0.606683788,4.14717477
carl,945,4287,4.995699797,4.662141402,0.333558395,3.218468468,3341,5.460085489,4.852315876,0.607769612,4.250636132
carl,948,4155,4.940958454,4.60657928,0.334379173,3.064159292,3279,5.412143054,4.812506808,0.599636247,4.10387985
carl,955,3716,5.007344207,4.681716722,0.325627485,2.873936582,3754,5.45868313,4.878265588,0.580417541,4.032223416
carl,963,3464,5.076571454,4.710927643,0.365643811,2.827755102,3819,5.534714831,4.946925588,0.587789243,3.830491474
carl,972,2984,5.089478048,4.736762404,0.352715644,2.820415879,3836,5.471369498,4.923080113,0.548289385,3.83983984
carl,974,3093,5.038097746,4.695589194,0.342508552,2.890654206,3429,5.457867973,4.900260086,0.557607886,3.852808989
carl,980,3573,4.885021538,4.587235673,0.297785865,3.109660574,3267,5.433501513,4.885624911,0.547876602,3.921968788
gail,725,1362,4.799550531,4.612011323,0.187539209,1.513333333,6570,5.50477923,4.914696256,0.590082974,3.398861873
gail,729,1447,4.727701199,4.540534411,0.187166788,1.521556257,5237,5.458391823,4.883626951,0.574764872,3.306186869
gail,738,1167,4.994788697,4.842456648,0.152332048,1.411124547,6076,5.521572412,4.890763412,0.630809,3.442492918
gail,744,1394,4.957801466,4.79601316,0.161788306,1.594965675,4783,5.549827083,4.895929231,0.653897852,3.401849218
gail,751,1375,4.965675497,4.807691738,0.157983759,1.625295508,5251,5.566244181,4.928137753,0.638106429,3.432026144
gail,752,1648,4.830969078,4.634586003,0.196383075,1.762566845,3793,5.501917399,4.906288573,0.595628827,3.508788159
gail,758,1378,4.922873158,4.707812027,0.215061131,1.72465582,5124,5.537068787,4.932827517,0.60424127,3.740145985
gail,763,1482,4.900193944,4.70779957,0.192394375,1.836431227,4330,5.564174224,4.944683059,0.619491166,3.761946134
gail,770,1434,4.936726947,4.746117342,0.190609604,1.817490494,5333,5.595815808,5.003446746,0.592369062,3.650239562
gail,772,1605,4.907573997,4.710465417,0.19710858,1.910714286,3793,5.604458783,5.033153319,0.571305464,3.451319381
gail,782,1658,5.063046203,4.845927386,0.217118817,1.936915888,5053,5.589498277,5.010522972,0.578975304,3.62482066
gail,788,1694,5.075721168,4.812057728,0.263663439,2.043425814,4565,5.586088159,4.987507132,0.598581027,3.675523349
gail,797,1731,4.988864022,4.649307467,0.339556555,1.949324324,5352,5.612477714,5.020990289,0.591487424,3.635869565
gail,799,1757,4.91820239,4.577727783,0.340474606,2.010297483,4934,5.717581571,5.108559313,0.609022257,3.740712661
gail,807,1895,4.995073832,4.702278194,0.292795638,2.02457265,5875,5.714783307,5.114637327,0.60014598,3.870223979
gail,811,1901,5.030827839,4.786785262,0.244042578,2.105204873,5911,5.684762114,5.089620853,0.595141261,4.004742547
gail,818,1758,5.019974818,4.783679697,0.23629512,2.056140351,5864,5.630377932,5.062289832,0.568088099,3.800388853
gail,820,1540,4.962271292,4.687274055,0.274997237,2.095238095,4314,5.566790675,4.995040365,0.57175031,3.604010025
gail,826,1726,5.030263989,4.75548813,0.27477586,2.154806492,4927,5.593999034,5.036753681,0.557245352,3.636162362
gail,828,2046,4.951559117,4.703034532,0.248524585,2.291153415,5144,5.629044871,5.057943997,0.571100874,3.765739385
gail,832,2426,5.034919397,4.767857213,0.267062184,2.409136048,5622,5.643562654,5.072092372,0.571470283,3.718253968
gail,834,2485,4.954461723,4.685900012,0.268561711,2.502517623,4437,5.645633769,5.072392542,0.573241227,3.471830986
gail,842,2269,5.151238893,4.839191148,0.312047746,2.426737968,4117,5.684654702,5.064901826,0.619752876,3.23663522
gail,848,2007,5.137879265,4.804991081,0.332888184,2.325608343,3547,5.690309629,5.060479237,0.629830392,3.233363719
gail,859,1785,5.133674214,4.754060635,0.379613579,2.242462312,4525,5.678078872,5.048881779,0.629197093,3.540688576
gail,861,1967,5.072705341,4.73268864,0.3400167,2.419434194,3843,5.62644021,5.000597457,0.625842753,3.574883721
gail,866,2223,5.199572128,4.883523135,0.316048993,2.405844156,4678,5.649384474,5.021848591,0.627535883,3.736421725
gail,868,2694,5.194143418,4.936994737,0.25714868,2.496756256,3220,5.619434696,4.99674092,0.622693776,3.515283843
gail,873,2682,5.203827136,4.973489392,0.230337745,2.39250669,3883,5.601698793,4.976022118,0.625676675,3.673604541
gail,874,2372,5.110587109,4.88694525,0.22364186,2.403242148,3283,5.621223968,5.019811691,0.601412278,3.412681913
gail,882,1753,5.053183512,4.826490828,0.226692684,2.166872682,4659,5.59394032,4.981315974,0.612624346,3.575594781
gail,891,1641,5.093446723,4.847295415,0.246151309,2.145098039,4105,5.567358753,4.982945585,0.584413168,3.42654424
gail,898,1623,5.107482384,4.837271385,0.270210999,2.11328125,4664,5.586907186,4.990704044,0.596203142,3.571209801
gail,898,1683,5.121293283,4.821179729,0.300113554,2.256032172,3936,5.648343359,5.051385044,0.596958314,3.558770344
gail,905,1538,5.006602342,4.727312142,0.2792902,2.181560284,4455,5.649503623,5.047235107,0.602268516,3.485915493
gail,913,1942,4.901260454,4.657515767,0.243744687,2.32853717,3553,5.596903355,5.002445835,0.594457521,3.358223062
gail,921,2230,5.063849708,4.828207504,0.235642203,2.282497441,3588,5.606672097,5.025521922,0.581150175,3.264786169
gail,923,2524,5.101356582,4.839159817,0.262196764,2.381132075,3041,5.600142012,5.023591129,0.576550883,3.349118943
gail,927,2160,5.257620572,4.980122905,0.277497667,2.236024845,4688,5.670968294,5.042451862,0.628516432,3.653936087
gail,930,1936,5.133598852,4.842782433,0.290816419,2.36097561,3981,5.651357714,5.009368127,0.641989587,3.692949907
gail,935,1661,5.091886061,4.811431247,0.280454814,2.414244186,4358,5.63165867,4.996944168,0.634714502,3.727972626
gail,937,1781,4.872279906,4.574592006,0.297687901,2.642433234,2985,5.528330672,4.955433681,0.572896991,3.419243986
gail,944,1899,4.948559902,4.6169131,0.331646802,2.652234637,3279,5.529963673,4.952115128,0.577848545,3.422755741
gail,948,1899,4.971946325,4.656250767,0.315695558,2.630193906,3082,5.547984252,4.999772954,0.548211298,3.390539054
gail,954,1712,5.100385611,4.801575285,0.298810326,2.449213162,4265,5.614705247,5.069233815,0.545471432,3.431214803
gail,957,1697,5.136710968,4.872575094,0.264135875,2.280913978,4937,5.692850043,5.125329035,0.567521008,3.593158661
gail,966,2026,5.196595924,4.917366243,0.279229681,2.406175772,6211,5.646133788,5.075721433,0.570412355,3.757410768
gail,971,2545,5.268475093,4.922913137,0.345561956,2.684599156,5400,5.636633929,5.05655916,0.580074769,3.792134831
gail,977,2557,5.360961273,4.999738165,0.361223108,2.886004515,6117,5.659247483,5.094560916,0.564686567,3.903637524
gail,980,2371,5.329085033,4.956657229,0.372427804,2.832735962,5055,5.712871886,5.152306422,0.560565464,3.882488479
gail,987,2037,5.153067039,4.867944055,0.285122984,2.673228346,5324,5.700584303,5.131300693,0.56928361,3.819225251
gail,992,2029,5.078394851,4.778298881,0.30009597,2.618064516,3538,5.636227919,5.087241716,0.548986203,3.455078125
gail,999,1658,5.000486808,4.724922432,0.275564375,2.550769231,3592,5.545206467,4.970731478,0.574474989,3.310599078
gail,1001,1640,5.083755275,4.748740875,0.3350144,2.566510172,3271,5.53662839,4.936216337,0.600412053,3.42513089
gail,1012,1604,5.199029745,4.811599738,0.387430007,2.625204583,4890,5.599270076,5.001593012,0.597677064,3.619541081
gail,1016,1698,5.16609926,4.792842375,0.373256885,2.640746501,4652,5.619101056,5.006125795,0.612975261,3.651491366
gail,1026,1743,5.266224009,4.848094227,0.418129781,2.693972179,5029,5.61522934,5.013798735,0.601430605,3.874422188
gail,1027,1619,5.170178845,4.775634862,0.394543983,2.698333333,4062,5.617096781,4.988401202,0.628695579,4.001970443
gail,1032,1984,5.255751166,4.902175677,0.353575489,2.965620329,4461,5.640630712,5.036560118,0.604070595,4.434393638
gail,1035,1950,5.128544392,4.847581742,0.28096265,3.085443038,3816,5.648175058,5.050836955,0.597338103,4.138828633
gail,1044,2136,5.167186296,4.86958026,0.297606036,3.055793991,5559,5.659107937,5.100783546,0.558324391,4.483064516
gail,1051,1866,5.178965259,4.835959028,0.343006231,3.029220779,5221,5.712546979,5.120039419,0.59250756,4.244715447
gail,1061,1877,5.236045916,4.878229373,0.357816543,2.848254932,5809,5.767489215,5.163835469,0.603653746,4.315750371
gail,1063,2065,5.190452594,4.87977443,0.310678164,2.872044506,3776,5.793519811,5.176253319,0.617266493,3.845213849
gail,1067,2412,5.234144054,4.909717631,0.324426423,2.824355972,4822,5.766305924,5.166681421,0.599624503,3.926710098
anne,678,1355,4.78236023,4.571673802,0.210686427,1.527621195,5156,5.376044448,4.907296892,0.468747556,3.548520303
anne,682,1704,4.772168997,4.567469269,0.204699728,1.561869844,5023,5.391307933,4.909613071,0.481694861,3.42633015
anne,690,1884,4.758190277,4.550957785,0.207232492,1.57,5203,5.41916825,4.910734035,0.508434215,3.337395767
anne,694,1730,4.66769916,4.538448142,0.129251018,1.551569507,4976,5.447734049,4.939867752,0.507866298,3.284488449
anne,699,1788,4.512872177,4.416631649,0.096240528,1.569798068,5654,5.498158708,4.980741791,0.517416917,3.281485781
anne,700,1751,4.488880806,4.407320891,0.081559915,1.599086758,6154,5.555144378,5.051500536,0.503643843,3.280383795
anne,704,1871,4.585904679,4.453251942,0.132652737,1.638353765,6276,5.554362608,5.043472349,0.510890259,3.379644588
anne,709,1850,4.648802316,4.500223803,0.148578513,1.651785714,6352,5.531478667,5.03519274,0.496285927,3.46346783
anne,713,1823,4.879269828,4.691553086,0.187716742,1.680184332,6121,5.5849066,5.056341178,0.528565422,3.469954649
anne,714,1788,4.820562112,4.650954167,0.169607945,1.666356011,6231,5.544546777,5.037010655,0.507536122,3.520338983
anne,725,1749,4.99249301,4.791122306,0.201370704,1.736842105,6176,5.577371449,5.04097299,0.536398459,3.639363583
anne,735,1777,4.857140136,4.630487823,0.226652313,1.816973415,6381,5.511926795,4.99022038,0.521706414,3.832432432
anne,745,1856,4.88474073,4.656148336,0.228592395,1.869083585,6631,5.525527994,5.018141448,0.507386546,3.866472303
anne,746,1935,4.826961371,4.622923717,0.204037654,1.925373134,6524,5.533304645,5.024761261,0.508543384,3.941993958
anne,751,2070,4.93223468,4.716135821,0.216098859,1.85483871,6491,5.535603544,5.030405402,0.505198142,3.879856545
anne,754,2011,4.921741761,4.683864007,0.237877753,1.811711712,6300,5.535185619,5.014578702,0.520606918,3.792895846
anne,761,1927,4.892803576,4.643989079,0.248814497,1.805998126,6917,5.509366422,4.994319672,0.51504675,3.862088219
anne,764,1746,4.907724767,4.653263525,0.254461242,1.895765472,7082,5.543065458,5.019973453,0.523092005,4.086555107
anne,773,1987,4.986647321,4.703295921,0.2833514,2.056935818,7676,5.517498359,4.975512998,0.541985361,4.033631109
anne,777,2238,4.955512083,4.709856347,0.245655736,2.13957935,7155,5.482000079,4.950825642,0.531174436,3.693856479
anne,780,2484,4.853122209,4.587066424,0.266055785,2.186619718,6830,5.418450413,4.881728171,0.536722242,3.562858633
anne,781,2140,4.788271684,4.541530731,0.246740954,2.208462332,6534,5.503204341,4.985171341,0.518033,3.670786517
anne,788,2025,4.816298695,4.545756664,0.270542031,2.191558442,6673,5.479795193,4.957914578,0.521880615,3.906908665
anne,795,1874,4.894851336,4.619618407,0.275232929,2.196951934,6804,5.493290301,4.981978923,0.511311378,3.765356945
anne,800,2215,4.892615351,4.62094189,0.271673461,2.297717842,6639,5.398922307,4.883144104,0.515778203,3.81990794
anne,801,2242,4.893476846,4.628272358,0.265204487,2.426406926,6388,5.385568793,4.888168928,0.497399865,3.843561974
anne,808,2441,5.064342538,4.773918062,0.290424476,2.556020942,6047,5.400404393,4.882918121,0.517486272,3.891248391
anne,814,2187,5.019171749,4.704044612,0.315127137,2.516685846,5498,5.360325917,4.860696835,0.499629082,3.791724138
anne,828,2336,5.068519624,4.720163719,0.348355905,2.550218341,5747,5.475176867,4.916181975,0.558994892,3.80344143
anne,834,2226,4.965884729,4.653898854,0.311985875,2.495515695,6228,5.484209905,4.951875655,0.53233425,3.939278937
anne,842,2522,5.036347872,4.720684175,0.315663697,2.516966068,6522,5.509206412,4.977438194,0.531768218,3.969567864
anne,845,2350,5.236508929,4.929305649,0.30720328,2.395514781,6545,5.518119422,5.003072845,0.515046577,3.912133891
anne,848,2467,5.319426246,4.994483122,0.324943124,2.297020484,6749,5.554166247,5.024896546,0.529269701,3.755703951
anne,849,2303,5.379840625,5.078471021,0.301369604,2.262278978,6787,5.607589991,5.071568094,0.536021897,3.71890411
anne,854,2357,5.246907118,4.920757607,0.326149512,2.249045802,6615,5.573978464,5.046147697,0.527830767,3.668885191
anne,857,2122,5.122519274,4.83229894,0.290220334,2.262260128,5639,5.52041143,4.995536396,0.524875034,3.668835394
anne,862,2602,5.075480761,4.748501067,0.326979693,2.294532628,5456,5.490566797,4.93578189,0.554784907,3.570680628
anne,863,2786,5.02463234,4.732051074,0.292581267,2.379163108,4786,5.485413084,4.957351512,0.528061572,3.501097293
anne,869,3178,4.984518337,4.65847342,0.326044917,2.438986953,4896,5.477733701,4.931110661,0.54662304,3.443037975
anne,875,2816,5.018596684,4.733909223,0.284687461,2.433880726,4695,5.515378198,4.987969416,0.527408782,3.485523385
anne,882,2690,4.968210926,4.677129492,0.291081434,2.322970639,5513,5.52159658,4.985328288,0.536268292,3.591530945
anne,883,2755,5.025595934,4.696461098,0.329134836,2.307370184,5261,5.556061458,5.017081882,0.538979576,3.658553547
anne,888,2502,4.941936324,4.577744769,0.364191555,2.32096475,5853,5.51638494,4.977617562,0.538767378,3.781007752
anne,895,2332,5.015998708,4.652688699,0.363310009,2.411582213,5540,5.497775503,4.960089954,0.537685549,3.833910035
anne,908,2031,5.033956914,4.751283582,0.282673332,2.47985348,6151,5.486384245,4.970987038,0.515397207,4.007166124
anne,911,2217,5.038770807,4.757296983,0.281473824,2.548275862,5877,5.537240751,5.016007102,0.521233649,4.017088175
anne,920,2005,5.122835854,4.80059879,0.322237064,2.460122699,6292,5.590572343,5.045321936,0.545250407,4.048906049
anne,930,2198,5.172538813,4.814865609,0.357673204,2.383947939,6244,5.601993989,5.051233789,0.5507602,3.816625917
anne,939,2401,5.135051063,4.784604258,0.350446806,2.3562316,6597,5.502815871,4.97600261,0.526813261,3.744040863
anne,940,2772,5.113523,4.796787404,0.316735596,2.453097345,6442,5.513240292,4.99881049,0.514429802,3.631341601
anne,944,2622,5.1228921,4.793899436,0.328992664,2.480605487,6373,5.509452939,5.005675815,0.503777124,3.707388016
anne,948,2427,5.157125514,4.828020133,0.329105381,2.466463415,6815,5.577110192,5.042300276,0.534809916,3.732201533
anne,953,2052,5.231987481,4.870991556,0.360995925,2.425531915,7431,5.590903762,5.006680608,0.584223153,3.93799682
anne,954,2288,5.225816254,4.896060396,0.329755858,2.489662677,7494,5.593578827,5.004667784,0.588911043,3.858908342
anne,959,2414,5.313493212,4.984508125,0.328985087,2.635371179,7197,5.578863871,4.989104883,0.589758988,3.924209378
anne,963,2861,5.165186361,4.839889236,0.325297125,2.769603098,6707,5.534115979,5.008222134,0.525893845,3.847963282
anne,968,2870,5.140794399,4.807727657,0.333066742,2.827586207,6539,5.535709223,5.01631014,0.519399083,3.967839806
anne,968,2621,5.204451185,4.850738675,0.35371251,2.682702149,6482,5.629362859,5.071025579,0.55833728,3.835502959
anne,975,2334,5.296117648,4.965056782,0.331060865,2.525974026,6408,5.618111612,5.053775213,0.564336398,3.782762692
anne,985,1836,5.314889851,4.957150817,0.357739034,2.381322957,6472,5.608776436,5.033951612,0.574824824,3.856972586
anne,994,2044,5.195070263,4.854854554,0.34021571,2.376744186,6475,5.561136527,5.034812244,0.526324284,4.029247044
anne,995,1982,5.167566759,4.83587841,0.331688349,2.422982885,6076,5.609154833,5.096959297,0.512195536,3.98687664
anne,998,1886,5.181271118,4.895262678,0.286008439,2.369346734,6580,5.592366887,5.118351592,0.474015295,3.944844125
anne,1004,1809,5.365164815,5.096158953,0.269005862,2.562322946,6032,5.609888581,5.106889743,0.502998839,3.894125242
anne,1008,2323,5.403013434,5.102598365,0.300415069,2.613048369,6298,5.582877324,5.038059385,0.544817939,4.003814367
john,713,1472,4.844839137,4.705429977,0.13940916,1.863291139,4500,5.599594271,5.113557126,0.486037145,3.816793893
john,718,1327,4.804551469,4.629127662,0.175423807,1.845618915,4484,5.59034714,5.08370982,0.50663732,3.909328684
john,730,1200,5.030673136,4.803878252,0.226794883,1.76730486,5099,5.64760622,5.136388596,0.511217624,4.050039714
john,736,1281,4.952238399,4.702810762,0.249427638,1.774238227,4896,5.530113294,5.059426199,0.470687095,3.986970684
john,744,1216,4.993728494,4.796974544,0.19675395,1.69595537,4860,5.524365864,5.035502798,0.488863066,4.080604534
john,746,1180,4.871995003,4.649672856,0.222322146,1.692969871,4192,5.506266304,5.010063925,0.496202379,4.069902913
john,750,1128,5.004088774,4.79182701,0.212261764,1.634782609,4209,5.58054811,5.08430993,0.49623818,4.016221374
john,753,1214,4.993165196,4.739119301,0.254045894,1.627345845,3919,5.599124357,5.112981426,0.486142931,3.864891519
john,758,1349,4.989511027,4.733984826,0.255526201,1.703282828,4229,5.598670388,5.124553875,0.474116512,3.897695853
john,759,1329,4.850279026,4.578906727,0.271372299,1.732724902,3081,5.535975929,5.086878622,0.449097307,3.944942382
john,767,1406,4.736044026,4.485728601,0.250315425,1.939310345,3425,5.460744333,5.028550225,0.432194108,4.207616708
john,772,1182,4.811817246,4.559705023,0.252112223,1.849765258,2859,5.349753039,4.959286,0.390467039,4.125541126
john,779,1243,4.812504483,4.605180405,0.207324078,1.827941176,3928,5.348895831,4.931486245,0.417409585,4.255687974
john,782,1048,5.043338546,4.794744505,0.248594041,1.647798742,3555,5.387162076,4.958452928,0.428709148,4.167643611
john,788,1161,5.125500496,4.863566433,0.261934063,1.751131222,3827,5.439880713,5.00199708,0.437883633,4.238095238
john,793,1087,5.165265604,4.863715155,0.301550448,1.811666667,3282,5.449571767,5.016442661,0.433129107,4.061881188
john,803,1209,5.033241601,4.802329705,0.230911897,1.912974684,3620,5.471609642,5.034592004,0.437017638,4.248826291
john,807,1090,4.923654224,4.703137153,0.220517071,1.816666667,3339,5.454729734,5.01468862,0.440041114,4.17375
john,812,986,4.782818683,4.599872992,0.182945691,1.776576577,3725,5.436130832,5.02092279,0.415208041,4.321345708
john,815,871,4.953600646,4.761646437,0.191954209,1.687984496,3351,5.469970187,5.053096521,0.416873666,4.137037037
john,820,1061,5.026434721,4.833162509,0.193272212,1.768333333,3742,5.50387474,5.068563142,0.435311598,4.062975027
john,822,1472,5.008559092,4.806882055,0.201677037,1.892030848,3314,5.507665122,5.047657687,0.460007435,3.8400927
john,827,1445,5.067897763,4.889098692,0.178799071,1.924101198,3803,5.626972331,5.157338082,0.469634249,4.011603376
john,832,1567,4.986696496,4.797541387,0.189155109,2.003836317,3482,5.626277855,5.165937886,0.460339969,4.106132075
john,841,1376,5.004274693,4.844793825,0.159480868,1.979856115,4026,5.624759349,5.156202676,0.468556673,4.278427205
john,843,1712,4.892932919,4.713375863,0.179557055,1.941043084,3377,5.488068871,5.036718915,0.451349956,3.96827262
john,854,1516,4.966275361,4.788510893,0.177764468,1.848780488,3899,5.555219597,5.084162429,0.471057168,3.899
john,866,1695,5.033512988,4.81112924,0.222383747,1.872928177,3463,5.571707369,5.079651541,0.492055828,3.668432203
john,881,1626,5.11514934,4.906143254,0.209006086,1.940334129,4062,5.634306377,5.124883523,0.509422854,3.806935333
john,883,1772,5.024038189,4.838937585,0.185100603,1.984322508,3575,5.549865939,5.065117235,0.484748704,3.779069767
john,890,1759,4.89508738,4.721445257,0.173642124,2.017201835,4049,5.567560388,5.077966105,0.489594283,3.950243902
john,895,1750,4.995264525,4.80997041,0.185294116,2.103365385,3618,5.524499973,5.056202197,0.468297776,3.832627119
john,902,1724,4.949276561,4.756500986,0.192775575,2.123152709,4043,5.539894061,5.069622861,0.4702712,4.006937562
john,904,1601,5.064831706,4.88791444,0.176917266,2.071151358,3780,5.552438008,5.088456221,0.463981787,3.880903491
john,911,1568,5.048869246,4.88447197,0.164397277,2.002554278,3776,5.570875458,5.112547217,0.45832824,4.034188034
john,914,1379,4.970786513,4.832051047,0.138735466,1.964387464,3084,5.506549378,5.059614714,0.446934664,3.933673469
john,922,1358,4.853378162,4.70564459,0.147733572,2.029895366,2889,5.398683387,4.995604224,0.403079163,4.029288703
john,926,1182,4.746697798,4.623832063,0.122865735,2.062827225,2377,5.376495323,4.975638428,0.400856895,3.749211356
john,934,1328,4.848278014,4.673515112,0.174762902,2.169934641,3020,5.438826022,4.985886352,0.45293967,4
john,937,1177,4.916455738,4.712317096,0.204138642,2.113105925,2696,5.424648179,4.962990341,0.461657837,3.89033189
john,943,1143,5.045003143,4.777482715,0.267520428,2.104972376,4055,5.552036341,5.051676452,0.500359889,4.327641409
john,945,1091,5.008317351,4.790317194,0.218000157,1.994515539,3660,5.566172644,5.095067738,0.471104906,4.112359551
john,954,1342,5.054601452,4.813624215,0.240977237,2.207236842,4326,5.568700937,5.110308591,0.458392346,4.187802517
john,959,1430,5.002651166,4.77411321,0.228537956,2.310177706,3561,5.536553536,5.081512438,0.455041099,3.939159292
john,966,1654,5.078019971,4.797980781,0.28003919,2.521341463,3729,5.547233104,5.102077922,0.445155182,4.013993541
john,968,1719,5.185462287,4.842651157,0.34281113,2.55423477,3252,5.573103708,5.088159022,0.484944686,3.980416157
john,974,1955,5.226935142,4.882648324,0.344286819,2.624161074,3550,5.547842499,5.091713028,0.456129471,4.029511918
john,979,2010,5.190341429,4.884742834,0.305598595,2.823033708,2925,5.540297119,5.053595986,0.486701133,4.034482759
john,985,1910,5.075618901,4.836972654,0.238646247,2.776162791,3571,5.648913719,5.129768334,0.519145385,4.109321059
john,988,1668,5.004270012,4.781522432,0.22274758,2.78,3442,5.731409114,5.186030454,0.54537866,4.182260024
john,995,1472,4.992702225,4.800776295,0.19192593,2.730983302,4309,5.719040682,5.178559059,0.540481623,4.187560739
john,1001,1553,4.920483061,4.744246272,0.176236789,2.891992551,3589,5.684344139,5.185701013,0.498643126,4.187864644
john,1006,1507,5.0458792,4.870670253,0.175208947,2.854166667,4004,5.638692268,5.164698313,0.473993955,4.223628692
john,1009,1561,4.989722184,4.805643553,0.184078631,2.896103896,3702,5.689063647,5.193111715,0.495951932,4.197278912
john,1014,1569,5.083260558,4.906286141,0.176974416,2.781914894,4415,5.663114524,5.178583184,0.484531341,4.307317073
john,1016,1807,4.941881281,4.757035846,0.184845434,2.914516129,3296,5.581982583,5.102902709,0.479079874,4.231065469
john,1024,1674,5.000703418,4.80796055,0.192742868,2.674121406,3146,5.585242908,5.117037221,0.468205687,4.205882353
john,1030,1461,4.937531741,4.750834365,0.186697376,2.725746269,3053,5.613089803,5.161869945,0.451219858,4.131258457
john,1041,1246,5.013534984,4.815451796,0.198083188,2.527383367,3961,5.669527221,5.192453398,0.477073823,4.286796537
john,1044,1140,4.945192801,4.735541042,0.209651759,2.614678899,4086,5.654981998,5.188494349,0.466487649,4.356076759
john,1049,1099,4.889595665,4.673941278,0.215654387,2.50913242,3977,5.62189775,5.178119033,0.443778717,4.253475936
aran,712,983,4.93065361,4.827641468,0.103012142,1.293421053,7642,5.399558634,4.707613492,0.691945142,4.858232676
aran,716,985,5.068792186,4.936993214,0.131798972,1.364265928,7294,5.452568759,4.727218413,0.725350346,4.808174028
aran,725,1185,5.031927798,4.923555418,0.10837238,1.50955414,7321,5.466182967,4.776941043,0.689241923,4.880666667
aran,729,1263,4.958971443,4.846578131,0.112393312,1.600760456,7708,5.521134468,4.837458232,0.683676236,4.953727506
aran,735,1736,4.711788325,4.649438082,0.062350243,1.856684492,8442,5.521756444,4.867986135,0.653770309,5.182320442
aran,737,1798,4.631302954,4.57696136,0.054341595,1.929184549,8215,5.517607629,4.877553458,0.640054171,5.009146341
aran,746,2117,4.670704002,4.608164115,0.062539888,2.012357414,7420,5.49657275,4.849633381,0.646939369,5.013513514
aran,753,1803,4.82415795,4.747195756,0.076962194,1.972647702,7023,5.52604532,4.89384415,0.632201171,4.952750353
aran,762,1927,4.754704315,4.685559374,0.069144941,2.043478261,7156,5.473470334,4.818727034,0.6547433,5.140804598
aran,765,1874,4.702427695,4.638975531,0.063452164,2.141714286,7168,5.430597849,4.786604362,0.643993487,5.109052031
aran,771,2028,4.688818835,4.63552317,0.053295665,2.199566161,7226,5.378402975,4.736560301,0.641842674,5.070877193
aran,776,2028,4.735109104,4.659190636,0.075918468,2.206746464,7438,5.398043128,4.777368367,0.620674762,5.119064006
aran,783,1903,4.659668831,4.586007709,0.073661122,2.160045403,8303,5.429514402,4.848926002,0.580588399,5.112684729
aran,785,1951,4.700580781,4.624555961,0.07602482,2.122959739,8138,5.465577313,4.869365749,0.596211564,4.968253968
aran,792,1860,4.667563484,4.597781249,0.069782236,2.232893157,8237,5.454139496,4.88259952,0.571539977,5.087708462
aran,796,1928,4.677902922,4.619618394,0.058284528,2.345498783,8154,5.473296183,4.874933958,0.598362225,5.102628285
aran,803,1909,4.592051402,4.521266623,0.070784779,2.447435897,8720,5.470602423,4.903026762,0.567575661,5.144542773
aran,805,2037,4.517464813,4.434018679,0.083446135,2.511713933,8602,5.479576963,4.869384988,0.610191975,5.153984422
aran,810,1974,4.472671207,4.386981128,0.08569008,2.42804428,8926,5.472586212,4.858327956,0.614258256,5.147635525
aran,812,2126,4.416029181,4.356428183,0.059600997,2.457803468,8555,5.496815613,4.828819482,0.66799613,5.251688152
aran,817,2191,4.563802472,4.513900748,0.049901724,2.38671024,8853,5.562928215,4.894237743,0.668690472,5.132173913
aran,819,2407,4.604189943,4.530367388,0.073822555,2.531019979,8397,5.550309012,4.85772253,0.692586483,5.113885505
aran,826,2299,4.662270197,4.583108294,0.079161903,2.534729879,8536,5.588777778,4.924111544,0.664666234,5.108318372
aran,830,2361,4.644735431,4.555033224,0.089702206,2.611725664,8486,5.54267974,4.900237251,0.642442489,5.024274719
aran,843,2250,4.672580881,4.583090812,0.08949007,2.571428571,9012,5.554331615,4.950594387,0.603737228,5.120454545
aran,852,2197,4.687534172,4.561799142,0.12573503,2.631137725,9479,5.578974284,4.941974641,0.636999643,5.088030059
aran,865,1998,4.730522075,4.582675244,0.147846831,2.639365918,9246,5.61122798,4.985996475,0.625231505,5.220779221
aran,867,1959,4.833024685,4.650675593,0.182349092,2.574244415,9046,5.644357559,5.017170098,0.627187461,5.172098342
aran,872,2172,4.900504828,4.696724621,0.203780208,2.476624857,8669,5.623510191,5.014946866,0.608563326,5.298899756
aran,875,2263,4.903906733,4.690350587,0.213556146,2.446486486,8929,5.633289889,5.022992484,0.610297405,5.337118948
aran,878,2388,4.935812673,4.667519256,0.268293418,2.656284761,8942,5.629256888,5.01327544,0.615981447,5.509550216
aran,880,2175,4.974805765,4.701396021,0.273409743,2.821011673,9136,5.620387769,4.996912612,0.623475157,5.536969697
aran,888,2300,5.004267456,4.698231435,0.306036021,2.948717949,9116,5.6313098,4.990285934,0.641023865,5.589209074
aran,892,2275,5.025547918,4.739567721,0.285980197,2.939276486,8827,5.647353823,4.99053944,0.656814383,5.509987516
aran,899,2349,4.982782102,4.697666892,0.28511521,3.015404365,8399,5.655573134,5.037091683,0.61848145,5.401286174
aran,901,2264,4.912179045,4.65174164,0.260437405,3.162011173,8225,5.603847496,4.96665587,0.637191626,5.232188295
aran,908,2191,4.89422054,4.581584099,0.312636441,3.138968481,8589,5.551073212,4.920960092,0.63011312,4.959006928
aran,914,2052,4.948135238,4.626385223,0.321750014,2.969609262,8714,5.572572075,4.921652255,0.65091982,4.937110482
aran,922,2100,4.964852847,4.603240083,0.361612765,2.857142857,8636,5.580518858,4.940545368,0.63997349,4.980392157
aran,924,2080,5.027841307,4.690818084,0.337023223,2.857142857,8401,5.618180175,4.990864771,0.627315403,5.395632627
aran,935,2496,5.095411349,4.753608931,0.341802418,3.139622642,8830,5.622302989,4.984363268,0.637939721,5.29059317
aran,941,2477,5.143735078,4.810667587,0.333067491,3.139416984,8987,5.676919754,5.033970438,0.642949317,5.206836616
aran,949,2563,5.179605586,4.832520716,0.34708487,3.129426129,9033,5.622543343,4.968513478,0.654029865,5.161714286
aran,951,2089,5.103167797,4.779496227,0.32367157,2.971550498,9218,5.593621281,4.949850319,0.643770963,5.365541327
aran,956,2100,5.069326873,4.766540971,0.302785902,2.945301543,9338,5.557804233,4.944597711,0.613206522,5.435389988
aran,959,2237,5.12533773,4.839610937,0.285726793,2.986648865,9427,5.59213248,4.983645084,0.608487396,5.405389908
aran,962,2321,5.148029907,4.850097021,0.297932886,2.971830986,9559,5.62832021,5.03291542,0.59540479,5.596604215
aran,965,2317,5.182342364,4.868304201,0.314038163,2.849938499,9426,5.675168355,5.057844285,0.61732407,5.698911729
aran,972,2213,5.175119442,4.823672818,0.351446623,2.783647799,9426,5.72622863,5.098697114,0.627531516,5.681735986
aran,977,2385,5.224152729,4.888223354,0.335929375,2.849462366,9043,5.764265851,5.124838103,0.639427748,5.55808236
aran,983,2176,5.227700492,4.901376225,0.326324267,2.905206943,9150,5.802591833,5.15820957,0.644382263,5.572472594
aran,986,2401,5.237655816,4.95093481,0.286721006,2.964197531,8901,5.775861375,5.130299046,0.64556233,5.54234122
aran,994,2674,5.299655532,4.957189663,0.342465869,3.105691057,8415,5.71652128,5.058319034,0.658202245,5.411575563
aran,997,3190,5.330729428,4.980065415,0.350664014,3.426423201,8060,5.68436421,5.017507385,0.666856825,5.427609428
aran,1008,3063,5.300520276,4.950967052,0.349553225,3.437710438,8334,5.687926553,5.04678481,0.641141742,5.447058824
aran,1016,2861,5.255769461,4.93952148,0.316247981,3.357981221,8491,5.697894828,5.066753994,0.631140833,5.492238034
aran,1026,2785,5.093182094,4.779299108,0.313882986,3.204833142,8603,5.662121666,5.046837172,0.615284495,5.307217767
aran,1028,2797,5.062759517,4.743835979,0.318923538,3.237268519,8033,5.607334143,4.972827542,0.634506601,5.309319233
aran,1032,2708,5.047670724,4.718011352,0.329659372,3.148837209,8548,5.615995948,4.959903097,0.656092851,5.486521181
aran,1034,2722,5.079675423,4.763768077,0.315907346,3.168800931,8593,5.662159477,5.004518365,0.657641112,5.631061599
aran,1041,2591,5.075226278,4.741130043,0.334096235,3.114182692,8933,5.673017684,5.01368151,0.659336173,5.711636829
aran,1045,2753,5.083730812,4.749391043,0.334339769,3.171658986,8359,5.650441792,4.991707135,0.658734657,5.554152824
aran,1053,2520,5.235757581,4.858401525,0.377356056,3.069427527,8724,5.727788441,5.08218475,0.645603691,5.788984738
ruth,711,1119,3.118597867,3.121875968,-0.003278101,1.344951923,6423,5.456028007,4.882148503,0.573879504,3.758338209
ruth,713,1038,3.092149475,3.100916283,-0.008766808,1.367588933,5918,5.434851719,4.865147899,0.56970382,3.70802005
ruth,720,927,3.186264434,3.195870165,-0.009605731,1.389805097,5994,5.398820129,4.84393621,0.554883919,3.765075377
ruth,728,1024,3.184007006,3.18678482,-0.002777814,1.460770328,5901,5.309153512,4.802869373,0.506284139,3.746666667
ruth,742,905,3.258009021,3.261147636,-0.003138615,1.411856474,6285,5.351535743,4.8431575,0.508378243,3.792999397
ruth,751,974,3.238018864,3.242681398,-0.004662534,1.371830986,6446,5.353594907,4.832109618,0.521485289,3.581111111
ruth,765,978,3.191218363,3.188448157,0.002770207,1.327001357,6979,5.315321404,4.824055397,0.491266008,3.652014652
ruth,768,1231,3.113302582,3.117263222,-0.00396064,1.406857143,6793,5.260994782,4.779505059,0.481489723,3.565879265
ruth,772,1400,3.04867927,3.050271046,-0.001591776,1.479915433,6532,5.184832359,4.70205936,0.482772998,3.636971047
ruth,774,1457,2.99819567,3.000483275,-0.002287606,1.514553015,6260,5.246463451,4.708619597,0.537843854,3.497206704
ruth,778,1321,2.973880315,2.969863755,0.00401656,1.518390805,6472,5.278002867,4.704904687,0.57309818,3.446219382
ruth,781,1296,3.037135335,3.040938688,-0.003803353,1.530106257,6364,5.305048733,4.742434314,0.56261442,3.487123288
ruth,787,1088,3.069038351,3.073274521,-0.00423617,1.506925208,6124,5.232058136,4.724929057,0.50712908,3.583382095
ruth,791,1087,3.053341959,3.057415554,-0.004073595,1.509722222,5530,5.271422341,4.807276745,0.464145597,3.480176211
ruth,800,1080,3.045272577,3.051323606,-0.006051029,1.52758133,5249,5.240294124,4.770415857,0.469878267,3.45556287
ruth,802,1284,3.133970551,3.121039505,0.012931045,1.597014925,5124,5.282281586,4.81679631,0.465485275,3.448183042
ruth,810,1349,3.223291634,3.203437209,0.019854425,1.500556174,5765,5.34142724,4.832941372,0.508485868,3.657994924
ruth,817,1370,3.245211211,3.217506968,0.027704242,1.47311828,6193,5.378698526,4.859981903,0.518716623,3.712829736
ruth,824,1616,3.269126665,3.256871828,0.012254837,1.534662868,6275,5.395789284,4.837264885,0.558524399,3.635573581
ruth,825,1653,3.322988691,3.312630692,0.010358,1.659638554,5699,5.321322701,4.812896235,0.508426466,3.686287193
ruth,833,1878,3.561622111,3.563911672,-0.002289561,1.763380282,6080,5.302542895,4.805204031,0.497338864,3.743842365
ruth,840,1724,3.617699531,3.627163922,-0.009464391,1.736153072,6108,5.277515782,4.787479578,0.490036204,3.858496526
ruth,846,1675,3.81686746,3.823343356,-0.006475896,1.723251029,6360,5.421823436,4.874284615,0.547538821,3.866261398
ruth,849,1773,3.649119532,3.662575874,-0.013456342,1.778335005,5494,5.452249165,4.892037582,0.560211583,3.760438056
ruth,852,1637,3.713477445,3.722446639,-0.008969195,1.804851158,5406,5.479741935,4.928051171,0.551690764,3.700205339
ruth,855,1964,3.560130299,3.584977377,-0.024847078,1.962037962,5122,5.352234845,4.817268667,0.534966179,3.66642806
ruth,860,1652,3.652180361,3.680789902,-0.028609541,1.932163743,5397,5.364009532,4.831483251,0.532526281,3.77676697
ruth,862,1738,3.592876012,3.620932386,-0.028056374,1.977246871,5088,5.313721195,4.776664932,0.537056262,3.694989107
ruth,869,1427,3.903963811,3.916897892,-0.012934081,1.750920245,5529,5.433767566,4.941874259,0.491893308,3.723232323
ruth,874,1499,4.091991821,4.106511005,-0.014519184,1.776066351,6099,5.466840688,4.981919914,0.484920774,3.593989393
ruth,881,1643,4.263838047,4.274467915,-0.010629868,1.846067416,6755,5.499753651,5.007486832,0.492266819,3.560885609
ruth,883,1910,4.128577146,4.140947856,-0.01237071,2.040598291,6502,5.512709678,4.983848363,0.528861315,3.566648382
ruth,889,1813,4.156255688,4.144674898,0.01158079,1.996696035,6336,5.490834455,4.96553624,0.525298215,3.61025641
ruth,894,1889,4.273584663,4.264368064,0.009216599,2.007438895,6618,5.486733011,4.96157518,0.525157831,3.879249707
ruth,901,1649,4.372474671,4.348122869,0.024351802,1.91967404,7263,5.543611731,5.01759127,0.52602046,4.078046042
ruth,904,1905,4.449799802,4.425634872,0.02416493,2.048387097,7380,5.549295843,5.033459974,0.515835869,4.212328767
ruth,912,1814,4.459140089,4.450286761,0.008853328,1.984682713,7472,5.535356767,5.039416895,0.495939872,4.311598384
ruth,916,1973,4.467705434,4.468113954,-0.000408519,2.044559585,6616,5.426067377,4.941321684,0.484745693,4.10931677
ruth,924,1798,4.474656657,4.484965068,-0.010308411,1.980176211,6217,5.416561024,4.923312153,0.493248871,3.89048811
ruth,926,1702,4.377667992,4.375493243,0.002174749,2.073081608,5295,5.372513944,4.895634796,0.476879147,3.629198081
ruth,937,1793,4.582956156,4.55659358,0.026362576,2.035187287,5254,5.439450114,4.944866544,0.49458357,3.571719918
ruth,942,1622,4.613714166,4.577057981,0.036656185,2.012406948,4658,5.42313883,4.920835395,0.502303435,3.661949686
ruth,952,1752,4.644958004,4.595070969,0.049887035,1.966329966,5293,5.459845876,4.912998913,0.546846964,3.740636042
ruth,955,1664,4.469452872,4.442912004,0.026540868,1.971563981,5594,5.442291241,4.895298175,0.546993066,3.882026371
ruth,959,1894,4.469103519,4.452311186,0.016792333,1.924796748,6303,5.47823846,4.89673838,0.581500081,3.895550062
ruth,961,1797,4.393667407,4.389011504,0.004655902,1.85257732,5744,5.482531973,4.914795078,0.567736896,3.816611296
ruth,969,2111,4.522986299,4.483012123,0.039974176,2.037644788,5704,5.546787452,4.991266601,0.555520851,3.730542838
ruth,973,2307,4.641258868,4.573846941,0.067411927,2.201335878,5883,5.574463628,5.04090412,0.533559509,3.763915547
ruth,981,2668,4.636842308,4.542281601,0.094560707,2.197693575,6976,5.603195879,5.019440477,0.583755401,3.899385131
ruth,986,2681,4.584551931,4.487927929,0.096624001,2.186786297,6677,5.536791517,4.941219908,0.59557161,3.904678363
ruth,994,2926,4.576778013,4.484808694,0.091969319,2.131099782,7067,5.548957302,4.947478549,0.601478753,3.943638393
ruth,998,3040,4.632349036,4.544225034,0.088124002,2.345679012,6437,5.511241754,4.951429253,0.559812501,4.023125
ruth,1003,2794,4.55674004,4.475713728,0.081026313,2.023171615,7491,5.594289003,5.011280635,0.583008368,4.077844311
ruth,1006,2943,4.586057072,4.487854933,0.098202139,2.184855234,6873,5.543934792,4.955167833,0.588766959,4.014602804
ruth,1013,2760,4.613762952,4.519715751,0.094047201,2.102056359,7340,5.515692922,4.929482172,0.586210749,4.006550218
ruth,1016,2742,4.770283992,4.650482101,0.119801891,2.415859031,7138,5.47148101,4.941731809,0.529749202,4.030491248
ruth,1028,2397,4.95750575,4.865541723,0.091964027,2.347698335,7969,5.529599035,5.006663572,0.522935464,4.146201873
ruth,1035,2855,5.025132473,4.901831831,0.123300642,2.655813953,7482,5.563000661,5.044504951,0.518495709,4.115511551
ruth,1043,3193,5.079722291,4.949051792,0.130670499,2.736075407,7429,5.552183424,5.006458031,0.545725393,4.059562842
ruth,1047,3564,4.950434386,4.810336446,0.14009794,2.842105263,6790,5.481721804,4.962063696,0.519658109,3.959183673
ruth,1061,3628,4.973155668,4.851696578,0.121459089,2.797224364,7373,5.462075127,4.950298818,0.51177631,3.905190678
ruth,1067,3834,4.923391377,4.795002301,0.128389076,2.817046289,6863,5.44229646,4.929869862,0.512426598,3.831937465
ruth,1076,3674,4.945250201,4.816779559,0.128470643,2.830508475,7095,5.484994216,4.972650825,0.51234339,3.915562914
liz,706,1091,4.969243161,4.878173051,0.091070109,1.280516432,4315,5.473243976,4.858885796,0.61435818,3.723037101
liz,708,1039,4.973966654,4.925983999,0.047982655,1.320203304,4450,5.478165441,4.864591743,0.613573698,3.80667237
liz,721,1109,4.844549528,4.763695676,0.080853852,1.374225527,4842,5.432426705,4.855802984,0.576623722,3.975369458
liz,730,1305,4.946921912,4.842391079,0.104530833,1.486332574,4700,5.412441399,4.827722358,0.584719041,3.979678239
liz,739,1526,4.916758619,4.782352767,0.134405853,1.569958848,4710,5.40701767,4.837080436,0.569937234,3.998302207
liz,741,1592,5.100098284,4.939930059,0.160168225,1.688229056,4381,5.427453988,4.846591137,0.580862851,3.997262774
liz,746,1541,5.11322302,4.950880751,0.162342269,1.655209452,4191,5.409679517,4.857918372,0.551761145,3.983840304
liz,748,1582,5.032938678,4.886608019,0.146330659,1.704741379,3806,5.336661395,4.80139319,0.535268205,3.931818182
liz,752,1490,5.157623271,5.042962994,0.114660277,1.661092531,3877,5.45032822,4.877364215,0.572964005,3.850049652
liz,755,1584,5.15906083,5.022116779,0.136944051,1.812356979,3789,5.436639078,4.882076884,0.554562194,3.858452138
liz,760,1535,5.250089145,5.11873169,0.131357454,1.858353511,4191,5.52512934,4.944151097,0.580978243,4.13721619
liz,761,1646,5.075724749,4.950241682,0.125483067,1.883295195,3746,5.506572153,4.93404153,0.572530623,4.1901566
liz,770,1490,5.148122098,5.012663938,0.13545816,1.82374541,3752,5.55050981,4.963279635,0.587230175,4.273348519
liz,777,1570,4.957541917,4.814647131,0.142894787,1.907654921,3646,5.350352754,4.829459967,0.520892787,4.200460829
liz,787,1604,5.072106986,4.920858941,0.151248045,1.911799762,4368,5.400539571,4.873316311,0.52722326,4.290766208
liz,789,1763,4.912541831,4.804718775,0.107823056,2.007972665,4511,5.303836077,4.812988298,0.490847778,4.142332415
liz,794,1713,5.04865254,4.885517606,0.163134934,1.880351262,4066,5.420706392,4.862007867,0.558698525,3.947572816
liz,796,1881,4.896646604,4.711774787,0.184871817,1.9331963,3299,5.297627741,4.781364755,0.516262986,3.657427938
liz,803,1847,4.989890097,4.735914187,0.25397591,1.913989637,3077,5.394725111,4.831006935,0.563718177,3.667461263
liz,807,2028,5.06723295,4.808035312,0.259197638,2.042296073,3079,5.460595785,4.913872858,0.546722927,3.601169591
liz,814,1741,5.121099151,4.854304348,0.266794803,2.092548077,3279,5.575852645,4.973158923,0.602693721,3.790751445
liz,817,1910,5.059322163,4.813879237,0.245442926,2.170454545,3661,5.49605904,4.924429043,0.571629997,3.793782383
liz,823,1589,4.964180702,4.742197519,0.221983183,2.099075297,3715,5.525279535,4.943440095,0.58183944,3.877870564
liz,827,1794,4.918982341,4.667771467,0.251210873,2.198529412,3932,5.518168767,4.932096592,0.586072174,4.008154944
liz,837,1570,4.97939543,4.669613287,0.309782143,2.236467236,3740,5.567764894,4.950214084,0.617550809,4.105378705
liz,842,2104,4.963024193,4.694427483,0.26859671,2.553398058,3849,5.523930618,4.92944497,0.594485648,3.988601036
liz,848,2153,4.982598388,4.753878539,0.228719849,2.532941176,3813,5.528973565,4.968783995,0.560189569,3.816816817
liz,850,2649,4.991054047,4.742335367,0.24871868,2.581871345,3832,5.484018554,4.935407543,0.548611011,3.782823297
liz,854,2359,4.96617382,4.713839657,0.252334163,2.347263682,4191,5.598590994,5.019984601,0.578606393,3.987630828
liz,857,2500,4.872164051,4.590155832,0.28200822,2.475247525,3896,5.564454761,4.987391801,0.57706296,4.131495228
liz,863,2004,4.876158875,4.58894458,0.287214295,2.408653846,3750,5.650757051,5.076147267,0.574609784,4.222972973
liz,868,2213,4.9342365,4.638204673,0.296031827,2.570267131,3442,5.561654093,4.995582364,0.566071729,4.187347932
liz,876,2098,5.044020005,4.802272494,0.241747511,2.462441315,3575,5.50725676,4.948137648,0.559119112,4.034988713
liz,878,2155,5.082805052,4.830262139,0.252542913,2.426801802,3709,5.559306625,5.000172893,0.559133733,4.014069264
liz,884,1684,5.117195285,4.876426168,0.240769117,2.342141864,3901,5.609881637,5.051339258,0.558542379,4.009249743
liz,890,1906,5.082904099,4.810616073,0.272288026,2.507894737,3972,5.591006827,5.039449606,0.551557221,3.860058309
liz,897,1878,4.974524061,4.709752163,0.264771898,2.637640449,3899,5.478672418,4.934608732,0.544063686,3.756262042
liz,898,2097,4.978091497,4.697760087,0.28033141,2.803475936,3777,5.389446796,4.859272198,0.530174598,3.614354067
liz,907,1897,5.033601886,4.748121881,0.285480005,2.856927711,3721,5.494626077,4.951082658,0.543543419,3.702487562
liz,911,2117,5.112855744,4.817872194,0.29498355,3.054834055,3424,5.4305459,4.874437035,0.556108865,3.646432375
liz,917,2236,5.111546463,4.829509892,0.282036571,3.189728959,3093,5.400144155,4.868058715,0.53208544,3.740024184
liz,919,2071,5.246096884,4.957826881,0.288270004,3.230889236,2931,5.391757405,4.859525237,0.532232167,3.811443433
liz,926,1996,5.246384169,4.982860685,0.263523484,3.173290938,3003,5.479859134,4.943024142,0.536834992,3.854942234
liz,931,1917,5.237247634,4.952662674,0.284584961,3.106969206,2750,5.479509465,4.90437408,0.575135385,3.761969904
liz,938,2008,5.194182539,4.925923221,0.268259318,3.182250396,2485,5.448959213,4.85096688,0.597992333,3.596237337
liz,940,1896,5.16478215,4.89573876,0.26904339,3.291666667,2322,5.380365231,4.831544164,0.548821067,3.445103858
liz,947,1897,5.178850015,4.9311362,0.247713815,3.253859348,2899,5.382040443,4.855891089,0.526149355,3.702426565
liz,951,1606,5.188298888,4.911070676,0.277228212,3.130604289,3107,5.50704596,4.975473512,0.531572448,3.775212637
liz,962,1875,5.155414688,4.876187635,0.279227052,3.243944637,3277,5.473024728,4.917416354,0.555608374,4.101376721
liz,967,2037,5.219205023,4.956109816,0.263095207,3.269662921,3006,5.493186727,4.958854304,0.534332423,3.7575
liz,973,2136,5.161711597,4.908330975,0.253380622,3.327102804,3164,5.433248787,4.882496884,0.550751903,3.839805825
liz,977,1715,5.197436012,4.952924586,0.244511426,3.09009009,2917,5.400388338,4.866120861,0.534267477,3.650813517
liz,986,1470,5.005083472,4.793479404,0.211604068,3.325791855,2886,5.356017413,4.840274044,0.515743368,3.926530612
liz,988,1287,4.95642838,4.74991198,0.2065164,3.377952756,2974,5.252258004,4.774795174,0.47746283,3.857328145
liz,994,1645,4.983762867,4.753800778,0.229962088,3.329959514,3569,5.402301055,4.89410908,0.508191975,3.813034188
liz,997,2120,5.199261687,4.859950902,0.339310785,3.291925466,3158,5.463037004,4.932894329,0.530142675,3.605022831
liz,999,2468,5.175354468,4.842263715,0.333090754,3.234600262,3161,5.41663632,4.910751245,0.505885075,3.701405152
liz,1001,2311,5.195344501,4.838826029,0.356518472,3.287339972,2541,5.273405283,4.764710317,0.508694965,3.666666667
liz,1007,1640,5.197171239,4.912767726,0.284403513,3.059701493,2664,5.294839221,4.767808585,0.527030636,3.725874126
liz,1012,1527,5.269008951,4.954732134,0.314276817,3.041832669,2199,5.41138468,4.83925185,0.57213283,3.646766169
liz,1020,1497,5.141003794,4.877920664,0.263083131,3.012072435,2501,5.531971374,4.927929082,0.604042292,3.86553323
liz,1022,1700,5.116614228,4.80342286,0.313191368,3.119266055,2583,5.544166561,4.923212279,0.620954282,4.0359375
liz,1029,1597,5.107146821,4.829264125,0.277882697,3.107003891,2517,5.53352151,4.90772037,0.62580114,3.95754717
liz,1035,1543,4.987716665,4.699915757,0.287800908,3.129817444,1899,5.338957041,4.814559688,0.524397353,3.899383984
liz,1044,1825,5.0579047,4.767906486,0.289998214,3.324225865,1864,5.321606054,4.849320088,0.472285967,3.867219917